Barcode,Cluster
AAACAAGTATCTCCCA-1,1
AAACAATCTACTAGCA-1,3
AAACACCAATAACTGC-1,2
AAACAGAGCGACTCCT-1,1
AAACCGGGTAGGTACC-1,2
AAACCGTTCGTCCAGG-1,2
AAACCTCATGAAGTTG-1,2
AAACGAAGAACATACC-1,1
AAACGAGACGGTTGAT-1,3
AAACGGTTGCGAACTG-1,2
AAACTCGGTTCGCAAT-1,3
AAACTGCTGGCTCCAA-1,3
AAACTTGCAAACGTAT-1,2
AAAGACCCAAGTCGCG-1,1
AAAGGCCCTATAATAC-1,2
AAAGGCTACGGACCAT-1,2
AAAGGCTCTCGCGCCG-1,3
AAAGGGATGTAGCAAG-1,3
AAAGGGCAGCTTGAAT-1,1
AAAGTAGCATTGCTCA-1,2
AAAGTCACTGATGTAA-1,1
AAAGTCGACCCTCAGT-1,2
AAAGTGTGATTTATCT-1,1
AAAGTTGACTCCCGTA-1,1
AAATAACCATACGGGA-1,1
AAATACCTATAAGCAT-1,2
AAATAGCTTAGACTTT-1,3
AAATAGGGTGCTATTG-1,1
AAATCGTGTACCACAA-1,3
AAATGCTCGTTACGTT-1,3
AAATGGCATGTCTTGT-1,1
AAATGGCCCGTGCCCT-1,2
AAATGGTCAATGTGCC-1,2
AAATTAACGGGTAGCT-1,2
AAATTACACGACTCTG-1,1
AAATTACCTATCGATG-1,1
AAATTGATAGTCCTTT-1,3
AAATTGCGGCGGTTCT-1,1
AAATTTGCGGGTGTGG-1,2
AACAACTGGTAGTTGC-1,3
AACAATACATTGTCGA-1,2
AACAATTACTCTACGC-1,3
AACACACGCTCGCCGC-1,1
AACACGACTGTACTGA-1,1
AACACGAGACGCGGCC-1,2
AACACGCGGCCGCGAA-1,1
AACAGCTGTGTGGCAA-1,2
AACAGGAAATCGAATA-1,1
AACAGGATGGGCCGCG-1,2
AACATATCAACTGGTG-1,1
AACATTGAAGTTGATC-1,2
AACATTGTGACTCGAG-1,2
AACCAAGACTTCTCTG-1,2
AACCATGGGATCGCTA-1,3
AACCCAGAGACGGAGA-1,3
AACCCTACTGTCAATA-1,1
AACCCTGGTGGAACCA-1,1
AACCGAGCTTGGTCAT-1,3
AACCGCTAAGGGATGC-1,1
AACCGTTGTGTTTGCT-1,1
AACCTCGCTTTAGCCC-1,1
AACCTTTAAATACGGT-1,1
AACCTTTACGACGTCT-1,1
AACGATAATGCCGTAG-1,1
AACGATAGAAGGGCCG-1,3
AACGATATGTCAACTG-1,3
AACGCGAACGGCAACA-1,1
AACGCGACCTTGGGCG-1,3
AACGCGGTCTCCAGCC-1,1
AACGCTGTTGCTGAAA-1,1
AACGGACGTACGTATA-1,1
AACGGCCATCTCCGGT-1,2
AACGTACTGTGGGTAC-1,3
AACGTCAGACTAGTGG-1,1
AACGTGATGAAGGACA-1,1
AACGTGCGAAAGTCTC-1,3
AACTAGCGTATCGCAC-1,1
AACTAGGCTTGGGTGT-1,2
AACTCAAGTTAATTGC-1,2
AACTCCAGAGCGTGTT-1,1
AACTCCTAATCCCATG-1,1
AACTCGATGGCGCAGT-1,3
AACTCTCAATAGAGCG-1,1
AACTCTCAGTGTGCTC-1,2
AACTGATATTAGGCCT-1,1
AACTGGGTCCCGACGT-1,3
AACTGGTGTGGGCCTT-1,1
AACTTCTGCGTCTATC-1,3
AACTTGCCCGTATGCA-1,2
AACTTGCGTTCTCGCG-1,3
AACTTTAGCTGCTGAG-1,1
AAGAAGGATCAGTTAG-1,1
AAGACCCAACTGAACA-1,2
AAGACTAACCCGTTGT-1,1
AAGACTGCAAGCTACT-1,3
AAGAGATGAATCGGTA-1,3
AAGAGCTCTTTATCGG-1,3
AAGAGGATGTACGCGA-1,2
AAGAGGCATGGATCGC-1,3
AAGATGGCACCGGACC-1,2
AAGATTGGCGGAACGT-1,1
AAGCACCCTGCGTATC-1,1
AAGCATACTCTCCTGA-1,1
AAGCCGCCGTGAAATC-1,2
AAGCGTCCCTCATCGA-1,2
AAGCTAGATCGAGTAA-1,2
AAGCTCGTGCCAAGTC-1,3
AAGCTCTTTCATGGTG-1,3
AAGGAGAACTTATAAG-1,1
AAGGAGCGGTTGGTGC-1,2
AAGGATGAGGGACCTC-1,1
AAGGCGCGTAAAGCTT-1,1
AAGGCTGTGCTCATCG-1,2
AAGGGAACGACTGGCT-1,2
AAGGGACAGATTCTGT-1,1
AAGGGACTATGCATTC-1,2
AAGGTATCCTAATATA-1,1
AAGGTGATAAACCAGC-1,1
AAGTAGAAGACCGGGT-1,3
AAGTAGTGACGCGAGG-1,2
AAGTCAATTGTCGTCA-1,1
AAGTGACGACCGAATT-1,2
AAGTGAGTCGGGTTTA-1,3
AAGTGCCTTGACTGTA-1,1
AAGTGCGTTAGAATCT-1,2
AAGTGCTTCTCTATTG-1,2
AAGTGTTTGGAGACGG-1,1
AAGTTCACTCCAAGCT-1,3
AAGTTCGGCCAACAGG-1,3
AAGTTTACTAATGGCA-1,1
AATAACAACGCTCGGC-1,2
AATAACACTAGAACAA-1,2
AATAAGTCCTCGAGAC-1,1
AATACAATGTTTCAGG-1,2
AATACCGGAGGGCTGT-1,2
AATAGAACAGAGTGGC-1,2
AATAGAATCTGTTTCA-1,1
AATAGTCCGTCCCGAC-1,2
AATATCAAGGTCGGAT-1,1
AATATCGAGGGTTCTC-1,1
AATATTGGAGTATTGA-1,3
AATCAGACTGCAGGAC-1,1
AATCAGGTTTCATTTA-1,2
AATCATGTAAAGACTC-1,1
AATCCAAGGGCCTGAG-1,1
AATCCATGCAAGGGTG-1,1
AATCGCCTCAGCGCCA-1,1
AATCGGGACACTACGA-1,1
AATCTAGGTTTACTTG-1,2
AATCTGCGTTGGGACG-1,1
AATCTGGCTTTCTAGT-1,2
AATGACAGCAATGTCT-1,2
AATGACGTAGGATGTC-1,1
AATGACTGTCAGCCGG-1,3
AATGAGTTCGCATATG-1,3
AATGATGATACGCTAT-1,1
AATGATGCGACTCCTG-1,3
AATGCAACCGGGTACC-1,3
AATGCACCAAGCAATG-1,3
AATGGTTCTCACAAGC-1,3
AATGTGCCCGAGGTGT-1,3
AATGTGCTAATCTGAG-1,2
AATTAAAGGTCGGCGT-1,2
AATTAACGGATTTCCA-1,1
AATTAGCGCTGCAGCG-1,2
AATTCATAAGGGATCT-1,1
AATTCCAAGCATGTAC-1,3
AATTCTAGAGTTAGGC-1,3
AATTGAACGCTCTGGT-1,1
AATTTGGGACATAGTA-1,1
AATTTGGTTCCAAAGA-1,1
ACAAACCATGCGTCCT-1,2
ACAAATCGCACCGAAT-1,1
ACAAATGGTAGTGTTT-1,1
ACAACAGCATGAGCTA-1,2
ACAACGGTCCCTGCGA-1,1
ACAAGCAGTGCCTAGC-1,2
ACAAGGAAATCCGCCC-1,1
ACAAGGACAAGAGGTT-1,2
ACAAGGATGCTTTAGG-1,1
ACAAGGGCAGGCTCTG-1,1
ACAATAGTCGTACGTT-1,2
ACAATCCATTTAAACC-1,2
ACAATGAATACGGAGA-1,2
ACAATTGTGTCTCTTT-1,1
ACAATTTGAGCAGTGG-1,1
ACACAAAGACGGGTGG-1,3
ACACACCAGGACCAGT-1,1
ACACACTTTCTACACG-1,1
ACACATGATCAAATCT-1,3
ACACCCAGCATGCAGC-1,3
ACACCCGAGAAATCCG-1,3
ACACCGGTCTGACCGC-1,2
ACACCTTAAGTAGGGC-1,1
ACACGAGACTCCTTCT-1,3
ACACGGCACTATGCAT-1,1
ACACGGGAACTTAGGG-1,3
ACACTCCAATGTCACT-1,1
ACACTGATCAAGGTGT-1,2
ACAGAACTGAGAACAA-1,2
ACAGATTAGGTTAGTG-1,1
ACAGCATAGAGCCAGT-1,1
ACAGCGCACCCGCAGC-1,1
ACAGGCTTGCCCGACT-1,1
ACAGGTGGAGGTGAGG-1,2
ACATAATAAGGCGGTG-1,1
ACATCCCGGCCATACG-1,2
ACATCCTGGTAACTGT-1,1
ACATCGATCGTTTACC-1,2
ACATCGGTCAGCCGCG-1,2
ACATCGTATGCAATGG-1,1
ACATCGTTAACCTAGT-1,1
ACATGGCGCCAAAGTA-1,3
ACATTAGTTTATATCC-1,3
ACCAACGCTTATTTAT-1,3
ACCAAGAACGCGTGTC-1,1
ACCAATATGCAAGTTA-1,3
ACCACAACTCAGAACA-1,1
ACCACAAGTTTCTATC-1,2
ACCACGTGCAGCTATA-1,1
ACCAGGAGTGTGATCT-1,1
ACCAGTGCGGGAGACG-1,3
ACCATATCCGCAATAA-1,3
ACCATCGTATATGGTA-1,2
ACCCAACGCCCGTGGC-1,1
ACCCACCTACATGCTC-1,3
ACCCATCTTGAGGGTA-1,2
ACCCGAGCGAAATTAC-1,2
ACCCGATTGGTTCCGA-1,2
ACCCGGAAACTCCCAG-1,1
ACCCGGATGACGCATC-1,1
ACCCGGTTACACTTCC-1,2
ACCCGTGTCATCAGTA-1,2
ACCCTATAGGACTGAG-1,3
ACCCTATGCCATATCG-1,2
ACCCTCCCTTGCTATT-1,1
ACCCTTCATCTGCGAA-1,1
ACCGAAAGGGCCCTGC-1,1
ACCGACACATCTCCCA-1,1
ACCGACTGAGTCCCAC-1,3
ACCGATGGTAGCATCG-1,1
ACCGCAATAACTGCCT-1,1
ACCGCGGTGGAAGTCG-1,3
ACCGGGCCTTTGTTGA-1,1
ACCGGTCAGGTACACC-1,3
ACCGTGACCACGTGGG-1,2
ACCGTTCCCGCTCTGA-1,1
ACCTAAGTACCTTTCA-1,2
ACCTAATCGACTTCCT-1,2
ACCTCGAACTTATGCT-1,2
ACCTGCGTGTCATGTT-1,2
ACGAAATGGGCGGCAC-1,2
ACGACTGGTCATACTC-1,2
ACGAGAACCCATCACG-1,1
ACGAGATATTTGCTTA-1,1
ACGAGGATACCACTCT-1,2
ACGATACATAGAACTA-1,1
ACGATCATACATAGAG-1,3
ACGATCATCTTGTAAA-1,1
ACGATGCATATGTTAT-1,2
ACGATGGATCCGATGC-1,1
ACGCAAACTAATAGAT-1,3
ACGCATTCGTGAGTAC-1,2
ACGCCAGATGATTTCT-1,1
ACGCCGCTAGACGACC-1,3
ACGCGAAGTCAGACGA-1,3
ACGCGCTACACAGGGT-1,2
ACGCGGGCCAAGGACA-1,3
ACGCTAGTGATACACT-1,1
ACGGAATTTAGCAAAT-1,3
ACGGACTCTCAAAGCG-1,1
ACGGATGGTGCGGATA-1,1
ACGGCACTTGCTTGGG-1,3
ACGGCCAACATGGACT-1,3
ACGGCGACGATGGGAA-1,1
ACGGCGGGTTGCCCTG-1,1
ACGGGAGTGTCGGCCC-1,2
ACGGTCACCGAGAACA-1,2
ACGTACAGATTTCTCT-1,1
ACGTACTTTGGCACGG-1,2
ACGTAGATTGCTGATG-1,3
ACGTATTACTCCGATC-1,1
ACGTGCGCCTCGTGCA-1,3
ACGTTAATGTCGAAGA-1,3
ACGTTAGATTTGCCCG-1,3
ACGTTCCGCGCTCCGT-1,1
ACGTTCGTTCAGGAAA-1,2
ACGTTTAGTTGTGATC-1,1
ACTACATCCCGACAAG-1,2
ACTACCAGCTCTCTGG-1,1
ACTACGCGTTAGAATT-1,2
ACTAGTTGCGATCGTC-1,3
ACTATGTCCAGCTGCC-1,2
ACTATTCGTCCGTGGT-1,1
ACTATTTCCGGGCCCA-1,2
ACTCAACGAATGTATT-1,1
ACTCAAGTGCAAGGCT-1,3
ACTCAATAAAGGCACG-1,1
ACTCAGACCTGCTTCT-1,1
ACTCATGGCAGCCTTC-1,2
ACTCCAATATCATCAT-1,2
ACTCCCATTCCTAAAG-1,2
ACTCCCGAATTCGTTT-1,3
ACTCCCTAATGCTAAA-1,1
ACTCCCTAGAATAGTA-1,2
ACTCGTAACCCGTCCT-1,2
ACTCGTCAGTAATCCC-1,3
ACTCTCTGACTTAGGT-1,1
ACTCTCTTATACACGA-1,3
ACTCTTGTATAGTAAC-1,3
ACTGAAACGCCGTTAG-1,1
ACTGAATGGCGAAAGT-1,1
ACTGCCCGCCATTCTC-1,2
ACTGCCGTCGTAACTC-1,1
ACTGTACGATACACAT-1,3
ACTGTAGCACTTTGGA-1,3
ACTGTATACGCGAGCA-1,1
ACTGTCCAGGATTATA-1,2
ACTGTCTTCTTTAGAA-1,1
ACTGTGCTAGTAGATC-1,3
ACTTACCGGGCGCGCA-1,3
ACTTACGCATCCACGC-1,1
ACTTAGTACGACAAGA-1,3
ACTTATACTTACCCGG-1,1
ACTTATCTGATCTATA-1,1
ACTTATTAGGATCGGT-1,2
ACTTATTTATGTGCCA-1,1
ACTTCAGGCTGATCCC-1,1
ACTTCCATGCGGGACA-1,1
ACTTCGCCATACGCAC-1,3
ACTTGACTCCCTCTTT-1,3
ACTTGCCATATTGTAC-1,1
ACTTGGGACCCGGTGG-1,2
ACTTTACCCTCATGAA-1,3
ACTTTCCTATAGCTTC-1,3
AGAACGTGGTACATTC-1,3
AGAAGAGCGCCGTTCC-1,3
AGAAGGTTGCCGAATT-1,2
AGAAGGTTGTAGGTCG-1,1
AGAAGTGATTCGTGAT-1,2
AGAATTATGGATTCGA-1,1
AGAATTGTTTGACATA-1,3
AGACATAGATCCTTCC-1,1
AGACCATGGGATACAA-1,1
AGACCCACCGCTGATC-1,3
AGACCCGCCCTCCTCG-1,3
AGACCGGGAAACCCTG-1,2
AGACGAAGTGCCGGTC-1,1
AGACGACGATGCCGCT-1,2
AGACTAGCCTTCCAGA-1,2
AGACTGTTACCGGGTC-1,3
AGAGAAACACCAGAAA-1,2
AGAGAACCGTCTAGGA-1,1
AGAGAAGGAGTACAAT-1,2
AGAGATCTCTAAAGCG-1,2
AGAGCAGTTATGAGAC-1,2
AGAGCGGGCTAATCAT-1,1
AGAGCGTACAAGCTCG-1,3
AGAGGCTTCGGAAACC-1,1
AGAGGTATCTCGGTCC-1,1
AGAGTAAACTTCACTA-1,3
AGATAACTTCAGGGCC-1,2
AGATACCGGTGTTCAC-1,2
AGATACGACTTCATAT-1,3
AGATACTCAAGATCGA-1,1
AGATATAATACGACTA-1,1
AGATCGTGCATAAGAT-1,1
AGATCTCAGGTGTGAT-1,3
AGATGACTCGCCCACG-1,3
AGATGATGGAGTCTGG-1,3
AGATGCAAGACGTGCA-1,2
AGATTATAGGACGTTT-1,3
AGCAAAGGCCGCTAGT-1,1
AGCAACATATCTTATT-1,1
AGCAACCGAAAGTAAT-1,2
AGCACACGTTTAGACT-1,2
AGCACCAGTACTCACG-1,3
AGCACTACCGGCCTGT-1,2
AGCACTACCTCACCAG-1,3
AGCACTTAAGGACGCC-1,2
AGCAGAAGGAGAAAGA-1,1
AGCAGCCAGATGAATA-1,2
AGCATATCAATATGCT-1,1
AGCATCATTTCGAAAG-1,2
AGCATCGTCGATAATT-1,3
AGCCAAGCTTTGTGTC-1,1
AGCCACTCCCGTGCTT-1,1
AGCCCATACATGTAAG-1,2
AGCCCGGCATTAGAGG-1,2
AGCCCGGTAGCCTGTA-1,3
AGCCCTAAGCGAAGTT-1,1
AGCCCTCCCTGGTGGC-1,2
AGCCGTGGCTAAATGT-1,2
AGCGACAGGAACGGTC-1,2
AGCGACATCCCATTCA-1,3
AGCGACCAACGATATT-1,3
AGCGAGACGTGAAGGC-1,2
AGCGCATAATGAATCG-1,2
AGCGCGGGTGCCAATG-1,1
AGCGGACACTTCGTAG-1,1
AGCGGGAAGGGTCCAT-1,1
AGCGGGTCTGACACTC-1,1
AGCGTACGAGAGCTAG-1,1
AGCGTCTGAACCCGCA-1,1
AGCGTGGTATTCTACT-1,3
AGCTAACAAGCAATGT-1,2
AGCTAGAAGCAGAAGT-1,1
AGCTATTTAATCCAAC-1,1
AGCTCCTTCGCACATC-1,3
AGCTCTAGACGTTCCA-1,2
AGCTCTTCCCAGTGCA-1,1
AGCTCTTTACTCAGTT-1,2
AGCTGAAGTAAACCAA-1,1
AGCTGTAACCTCAATC-1,2
AGCTTATAGAGACCTG-1,1
AGCTTGATCTTAACTT-1,2
AGGAAGCTGTCCGCCG-1,1
AGGACAGTCGAATCCC-1,1
AGGACATCGCACGTCG-1,1
AGGACGACCCATTAGA-1,2
AGGACGCTCGATGTTG-1,3
AGGAGGCCTTCGCGCG-1,1
AGGATAAAGTCGGGAT-1,2
AGGATATAGGGATTTA-1,1
AGGATCACGCGATCTG-1,2
AGGCAGATGCGTAAAC-1,1
AGGCAGGGAGCGTACT-1,3
AGGCATTGTCGTAGGG-1,1
AGGCCACCCGTTATGA-1,2
AGGCCCATTGTACAGG-1,3
AGGCCCTAGAACGCCA-1,2
AGGCCTGAGAATCTCG-1,3
AGGCGGTTTGTCCCGC-1,3
AGGCTATGGTTAGCTT-1,3
AGGCTTCCCGAAGAAG-1,2
AGGCTTGCTAGACACC-1,1
AGGGAAACGAGGTACT-1,1
AGGGACAGCACGGCGG-1,1
AGGGACTCTACGCGAC-1,3
AGGGCAGCGGCGTGGT-1,1
AGGGCGAGCAGCTGAT-1,2
AGGGCGTGATCGGCTA-1,1
AGGGCTGCAGTTACAG-1,3
AGGGTCGATGCGAACT-1,1
AGGGTGCCGTTCTTTA-1,2
AGGGTGCTCTCGAGGG-1,1
AGGGTTCCCTTTGGTT-1,1
AGGGTTTAGTTCGGGA-1,3
AGGTAACCTCCTATTC-1,1
AGGTACGATATTGCCA-1,1
AGGTAGATCGAGATAT-1,2
AGGTAGGTACAAAGCT-1,2
AGGTCAGGTGAGAGTG-1,2
AGGTGGTGACCTTCGC-1,2
AGGTGTATCGCCATGA-1,2
AGGTTGAGGCACGCTT-1,1
AGGTTTCACACACCTT-1,3
AGTAATGTCTTGCCGC-1,3
AGTACGGGCACCTGGC-1,1
AGTACTCTTATGCCCA-1,3
AGTAGGTAACATACAT-1,1
AGTATAATACTAGGCA-1,1
AGTATACACAGCGACA-1,3
AGTATCCATAATAACG-1,1
AGTATGCTGGAGACCA-1,2
AGTATTTGGCACGACC-1,3
AGTCAAATGATGTGAT-1,2
AGTCAACACCACCATC-1,2
AGTCAAGATGACACTT-1,1
AGTCACTAGCTCTCGA-1,3
AGTCACTCCGCCTCAT-1,1
AGTCAGCCACCGCCTG-1,3
AGTCCATTGGCTGATG-1,1
AGTCCCGCCTTTAATT-1,1
AGTCGACGGTCTCAAG-1,1
AGTCGGCCCAAACGAC-1,1
AGTCGGCTCAACTTTA-1,2
AGTCGTCGACCACCAA-1,1
AGTCGTGGGCATTACG-1,2
AGTCTCACAAGACTAC-1,2
AGTCTGGACATCCTTG-1,3
AGTCTTCTCCTCAAAT-1,1
AGTGAACAAACTTCTC-1,1
AGTGACCTACTTTACG-1,2
AGTGACTGTGACACAA-1,2
AGTGAGACTTCCAGTA-1,1
AGTGAGCCTCGCCGCC-1,1
AGTGATAACCTGCGCG-1,1
AGTGATATGAGTAGTT-1,3
AGTGATTCAAGCAGGA-1,1
AGTGCACGCTTAAGAA-1,1
AGTGCGTAGCTCGTAA-1,2
AGTGCTAAACACAGCA-1,3
AGTGCTTGCACGAATA-1,1
AGTGGCGGCAATTTGA-1,1
AGTGGCGTCTGAAGGT-1,1
AGTGTATTGCGCATTG-1,1
AGTGTGGTCTATTGTG-1,3
AGTTAAACACTTGCGA-1,3
AGTTAAGCGGTCCCGG-1,1
AGTTAAGTCAACCGCT-1,3
AGTTACTCTATCGTGG-1,1
AGTTCCTACAGAATTA-1,2
AGTTCCTATTTATGTT-1,3
AGTTCTGCGTTGTATC-1,3
AGTTGACATCGGCTGG-1,1
AGTTGACGGTCCTTGC-1,1
AGTTGCTGACTGATAT-1,3
AGTTTCGCAGGTCGGA-1,1
AGTTTGCACCTGCCTC-1,1
AGTTTGGCACGGGTTG-1,1
AGTTTGGCCAGACCTA-1,2
ATAAACCATTGGACGG-1,3
ATAAACGGACCCGTAA-1,3
ATAAAGGCTCGGTCGT-1,2
ATAAATATTAGCAGCT-1,2
ATAACGCCGGAGGGTC-1,1
ATAACGGAGTCCAACG-1,3
ATAAGGTGGAGAACAT-1,1
ATAAGTTACCGCGACG-1,2
ATAATAGCTGTTGAAT-1,3
ATAATAGTGTAGGGAC-1,3
ATAATCTTGGAGAACC-1,1
ATAATTAGCTAAGTAG-1,1
ATACAGGCCCTCCAAT-1,1
ATACCACGGGCAACTT-1,2
ATACCAGCAAATTGCT-1,1
ATACCAGGCTAATAGA-1,1
ATACCTAACCAAGAAA-1,1
ATACGCCGATCTACCG-1,1
ATACGCCGGCGAAACC-1,3
ATACGGAACGTCGTTT-1,2
ATACGGGTTTCGATTG-1,1
ATACGTACTTAGCCAC-1,1
ATACGTCCACTCCTGT-1,1
ATACGTTATGCACGGA-1,1
ATACTAGCATGACCCT-1,1
ATACTCTCGCCACTCT-1,1
ATACTGCCTTACACCG-1,3
ATAGACAACGGGACCT-1,1
ATAGACGAAGAGAAAG-1,2
ATAGAGTACTGGGACA-1,1
ATAGAGTTATCAACTT-1,1
ATAGGCGGCTATAGAA-1,2
ATAGGCTAGCTTCGCA-1,1
ATAGGGATATCCTTGA-1,3
ATAGGTTGGGCAGATG-1,3
ATAGTCTTTGACGTGC-1,1
ATAGTGAAGCGTTCTC-1,2
ATAGTTCCACCCACTC-1,1
ATATAAAGCGCTCGTG-1,1
ATATAAATGTAGCTGC-1,1
ATATCAACCTACAGAG-1,3
ATATCGTTCCTCGAAC-1,1
ATATCTCCCTCGTTAA-1,1
ATATCTTAGGGCCTTC-1,2
ATATGTCTCCCTAGCC-1,1
ATATTCAGTTAAACCT-1,2
ATATTCCACATAGTGA-1,1
ATATTCCCACAGGTCA-1,1
ATATTGCTGTCAAAGT-1,3
ATATTTAACCCTCAAG-1,2
ATCAAACACTGTTCCA-1,3
ATCAAACGAAGGTTTG-1,3
ATCAATCTGGGCTGCA-1,3
ATCAATGCCGTGGCTG-1,2
ATCACATTAGAATATC-1,1
ATCACGTGCTAATTAA-1,2
ATCACTTCATCCTCGC-1,3
ATCAGACGGCACGCCG-1,2
ATCAGCCTCATGCTGC-1,3
ATCAGTAGGCAGGGAT-1,1
ATCATCCAATATTTGT-1,2
ATCCAACGCAGTCATA-1,1
ATCCAATGGAGGGTCC-1,3
ATCCACATCGACAGAA-1,1
ATCCAGAGCAACAACC-1,3
ATCCAGGATTCGTGAA-1,2
ATCCTACCTAAGCTCT-1,2
ATCCTGAATCGCTGCG-1,2
ATCCTGCGTGGAATGG-1,3
ATCCTGCTGCAGATAG-1,1
ATCGACCCAATACAGA-1,2
ATCGACTCTTTCCGTT-1,3
ATCGCACGATTGTTCA-1,3
ATCGCACGCCGGGAGA-1,3
ATCGCCAGTCAACATT-1,3
ATCGGAGACAGACGGC-1,1
ATCGGCAAGCAGTCCA-1,1
ATCGTGGAAAGTCTGG-1,2
ATCTAATATCCTACGG-1,1
ATCTAGCTTGTGAGGG-1,3
ATCTCCCTGCAATCTA-1,1
ATCTGACATGGAAGGA-1,2
ATCTGCACCTCTGCGA-1,1
ATCTGCTGTTATCGCC-1,3
ATCTGGGCTGTTCTTG-1,1
ATCTGGTTAAGACTGT-1,3
ATCTGTAATTGTACCC-1,3
ATCTTGACCTGCAACG-1,1
ATGAAGCCAAGGAGCC-1,3
ATGACGCCGGCTCTAA-1,3
ATGACGCGTTCTATCC-1,2
ATGACTATCAGCTGTG-1,3
ATGACTATGCGACATT-1,1
ATGAGGAGTGTTAATC-1,1
ATGATCGGGAATAGAC-1,3
ATGATGCAATGGTACA-1,2
ATGCACTACCGCATTG-1,3
ATGCATGATCCAGGAT-1,3
ATGCATTCCGTGATGG-1,1
ATGCCATTTGCGACCA-1,1
ATGCCGGTCTTGCATA-1,3
ATGCCGGTTGATGGGA-1,1
ATGCGACAGTCCCATT-1,3
ATGCGAGTCCCACCAC-1,1
ATGCTCAGTGTTGCAT-1,1
ATGCTCTGGCGCGGTA-1,1
ATGGAGCAGGCCGTGA-1,3
ATGGATCCGGCGTCCG-1,1
ATGGATTGACCAAACG-1,3
ATGGCAGCATTACGAT-1,2
ATGGGACCTGCTGAAC-1,2
ATGGGCCTCGGCCTCT-1,1
ATGGGTGTATACCTCC-1,2
ATGGTATTTACTGATT-1,2
ATGGTCGCGTGGTTTC-1,1
ATGTACGATGACGTCG-1,1
ATGTGAAAGCCTAATG-1,2
ATGTGCATCCGACGCA-1,2
ATGTGGACATCTTGAT-1,1
ATGTGTAGTTTAGTCA-1,1
ATGTTACGAGCAATAC-1,3
ATGTTGTAGTCTGTTT-1,3
ATTAAACATGCGGACC-1,3
ATTAATACTACGCGGG-1,1
ATTAATGAACCAGTCG-1,1
ATTAATTCGGTCACTC-1,1
ATTACAACTACCGGCC-1,1
ATTACGCGCTGGCAGG-1,2
ATTACTAGCCTCTTGC-1,3
ATTACTTACTGGGCAT-1,1
ATTAGATTGATAGCGG-1,3
ATTAGGCGATGCTTTC-1,3
ATTATACTTTGCTCGT-1,1
ATTATCTCGACAGATC-1,1
ATTATGCCATAGGGAG-1,3
ATTATTATGTCCGTCA-1,2
ATTCACTGATGTTGGA-1,1
ATTCAGGACCTATTTC-1,1
ATTCAGTAGCAGGGTC-1,3
ATTCATATACTGTCCA-1,3
ATTCATCGTTGAGGCA-1,3
ATTCCCACATAAACAA-1,3
ATTCCTCCGCCAGTGC-1,3
ATTCCTTCCAGGCGGT-1,1
ATTCGACGCCGGGCCT-1,2
ATTCTCGTCTCTTTAG-1,1
ATTCTTCGTACTTATG-1,1
ATTGAAGATCTTAGTG-1,2
ATTGACGTAACTCGGT-1,1
ATTGATAGCAACGAGA-1,3
ATTGATGAGTCCTAAC-1,1
ATTGCCTATTAGACCG-1,2
ATTGCGATCAGTAACT-1,1
ATTGCTGCTCCTCCAT-1,3
ATTGGATTACAGCGTA-1,3
ATTGGGAATATCTTGG-1,1
ATTGTACAACTCGGCT-1,1
ATTGTCGCAATACCTT-1,1
ATTTAACTCGTATTAC-1,1
ATTTACAGTTTACTGG-1,3
ATTTCATTATTTCGCG-1,1
ATTTCCGGGTTCTGCG-1,2
ATTTGCGCGAGTAGCT-1,2
ATTTGTCTTGGGAGCT-1,1
ATTTGTTCCAGGGCTC-1,1
CAAACGAGTATCGCAG-1,2
CAAACGGTCGCACTTT-1,2
CAAACTACGATAGAGA-1,1
CAAACTATTGAGCTTC-1,1
CAAAGATTATTGGGCC-1,2
CAAATCTCTCACAAGG-1,2
CAAATGTCCTTCCGTG-1,2
CAAATTGTCAGCAAGC-1,1
CAACGACCCGTTTACA-1,3
CAACGGTTCTTGATAC-1,3
CAACTATATCGAATGC-1,1
CAACTCCTTGATCCCG-1,3
CAACTGCTCATCCGAT-1,2
CAACTTGTAGTGGGCA-1,1
CAAGAGGGCGGAGTAC-1,1
CAAGATATTATAACGT-1,1
CAAGCAACGTCGGAGT-1,2
CAAGCACCAAATGCCT-1,3
CAAGCGGCACATAATT-1,1
CAAGGATCGCATGTTC-1,3
CAAGTGAACTTTGGTT-1,1
CAAGTGTGGTTGCAAA-1,1
CAATAAACCTTGGCCC-1,3
CAATATTCTTGACCTA-1,2
CAATATTGGACTAGTG-1,3
CAATCCCTATACCAGC-1,1
CAATCCTGCCGTGGAG-1,1
CAATGCGAGAAGTATC-1,1
CAATGGATCTCTACCA-1,1
CAATGGTCGGCCTGGG-1,1
CAATTAAGGGTGATGA-1,3
CAATTTCGTATAAGGG-1,2
CACAATGAGCTGCTAT-1,2
CACACAGGGATAGATT-1,3
CACACGCGCTGTCTTA-1,1
CACAGAGACGAGGACG-1,2
CACAGCACCCACGGCA-1,3
CACAGCTAGGGAGTGA-1,1
CACAGGGCCATATAGT-1,3
CACAGGGCCGTTGTCA-1,2
CACATAAGGCGACCGT-1,1
CACATATTAGCAGGAT-1,1
CACATCGTGCACGCGC-1,2
CACATCTCACCGACGA-1,1
CACATGATTCAGCAAC-1,3
CACATGTTTGGACATG-1,3
CACATTCTTTCGATGG-1,1
CACCAGTCAGCATGCA-1,2
CACCATCGGAGGAGAC-1,1
CACCCAAATCTTATGT-1,3
CACCCACACGTCACCC-1,1
CACCCACGAGGCAATT-1,1
CACCCGGTTTGTGACT-1,2
CACCCTAACAAGATCT-1,1
CACCCTTGGTGAGACC-1,2
CACCCTTTCCTCGCTC-1,1
CACCGATACACCGAGC-1,1
CACCGCCAGAAGGTTT-1,3
CACCGCCGACCAGCGA-1,1
CACCGGTAGAGACATT-1,2
CACCGTATCCCATCCG-1,3
CACCGTTAGGGATCAC-1,2
CACCGTTGCGCGATAT-1,3
CACCTAATAGAGTCGT-1,3
CACCTAATCAGTTTAC-1,1
CACCTCGATGGTGGAC-1,1
CACCTTGCGAAACTCG-1,1
CACCTTGGCGCCTTTG-1,1
CACGAAAGTTAGTCCC-1,2
CACGACTAAAGTTCTG-1,1
CACGCACAGCGCAGCT-1,3
CACGCAGCGAGGCTTT-1,2
CACGCGGAACTGTTGC-1,1
CACGTCGGCAACCTCT-1,3
CACGTTCGTGCTCTAG-1,1
CACGTTTCGTACACAC-1,1
CACTAAAGTTGCCTAT-1,3
CACTCAAGAGCTATGG-1,3
CACTCAGCTCTTGAGG-1,1
CACTCCTATGTAAGAT-1,2
CACTCCTCTCGGTCGG-1,1
CACTCGAGCTGAACAA-1,1
CACTGACGATTGTGGA-1,2
CACTGTCCAAGTGAGA-1,3
CACTTAATCAGACGGA-1,2
CACTTCGCCACAGGCT-1,1
CAGAACTTAGCCCTCT-1,3
CAGACACCGATCGCTG-1,3
CAGACCTGTAAGTGTT-1,1
CAGACGAACCTGATAC-1,2
CAGAGACGGTCACCCA-1,3
CAGAGCATGAGCTTGC-1,1
CAGAGGCGATGCATGA-1,3
CAGAGTGATTTAACGT-1,1
CAGATACTAACATAGT-1,1
CAGATATGAAGATGAC-1,2
CAGATCCTGGTTTGAA-1,2
CAGCAGCCCGTTCCTT-1,3
CAGCAGTCCAGACTAT-1,1
CAGCAGTCTGTGCTGC-1,3
CAGCCGGGCCCTCTAT-1,1
CAGCCTCCTGCAGAGG-1,1
CAGCCTCTCCTCAAGA-1,3
CAGCGATTCCCTTCAA-1,2
CAGCTCACTGAGACAT-1,2
CAGCTCGACAAGTTAA-1,1
CAGCTCGTGCTTGTGT-1,3
CAGCTGGCGTAACCGT-1,2
CAGCTTAGTAGGTAGC-1,2
CAGGAAGACTTTATAT-1,1
CAGGATATATCGTTGT-1,2
CAGGCCAGTACCACCT-1,2
CAGGCCGTTTGGGTGT-1,2
CAGGCGCACGGTGGTC-1,2
CAGGCGCCATGCTAGG-1,1
CAGTAATCCCTCCCAG-1,2
CAGTACCAGTTTACGT-1,2
CAGTAGCCCACGCGGT-1,1
CAGTCGAGGATGCAAT-1,1
CAGTCTCTCGGCTAAT-1,1
CAGTCTGTATACTGGG-1,3
CAGTGAATAAATGACT-1,1
CAGTGGTTGCACATGA-1,3
CAGTGTCCGCAGAATG-1,3
CAGTGTCGGCTGGCCC-1,1
CAGTGTTAATCTCTCA-1,2
CAGTTCAAATTGACAC-1,2
CAGTTCCGCGGGTCGA-1,3
CATAACGGACAGTCGT-1,1
CATAAGAAGCTTGGCT-1,1
CATAATGAGCGGGCGA-1,1
CATACAAAGCCGAACC-1,3
CATACACGGTTCCCAC-1,2
CATACCCGTACCCAGT-1,2
CATACGAACTAGCTGG-1,2
CATACGGCGTCTGGGC-1,2
CATACGGGTGCATGAT-1,1
CATACTATGTAATTGT-1,2
CATAGCCGCCCGGGAT-1,3
CATAGCGTTGCCCACC-1,3
CATAGTACATTGAGAG-1,1
CATAGTAGCATAGTAG-1,3
CATAGTCCACAAGAAC-1,2
CATATAGGTACAGTCA-1,2
CATATGTCAGGCTACG-1,2
CATATTATTTGCCCTA-1,1
CATCATCTACCCGGAC-1,1
CATCATTACCCTGAGG-1,1
CATCCAATATAGTTTG-1,2
CATCCTCTCAAAGATC-1,1
CATCGCCCGCGGCCAA-1,3
CATCGGACGGGTTAAT-1,3
CATCTTACACCACCTC-1,1
CATGAACCGACATTTG-1,1
CATGAACCTCTTATCA-1,1
CATGAGATGCACTCTC-1,1
CATGATGCACAATTCT-1,3
CATGATGGAAGTTAGC-1,1
CATGCATGGAGACCCT-1,1
CATGCCAACTCGCAAA-1,2
CATGCGACCAGTTTAA-1,1
CATGCGTTAGACAGAA-1,1
CATGCTGGCTCCAATT-1,1
CATGGATTGTCTTCCG-1,3
CATGGCAGGAAGATCG-1,1
CATGGGTATGCCTTAT-1,1
CATGGGTCGGGTGTGG-1,1
CATGGTAAGTAGCGTT-1,1
CATGGTCTAGATACCG-1,3
CATGTAAGAGACATTT-1,1
CATGTCTCATTTATGG-1,1
CATTACGTCGGCCCGT-1,3
CATTATCCCATTAACG-1,2
CATTATGCTTGTTGTG-1,1
CATTCACTGACAGCTA-1,1
CATTCAGGTCAGTGCG-1,1
CATTCCCTAAGTACAA-1,1
CATTTAGCGGACCATG-1,1
CATTTCTAGCAGACTA-1,3
CATTTGAGTGGTACGT-1,3
CCAAACAGAACCCTCG-1,3
CCAACCTTATGTAACT-1,2
CCAACGATGCACTGAT-1,2
CCAAGAAAGTGGGCGA-1,3
CCAAGACTTCTGCGAA-1,1
CCAAGCGTAACTCGTA-1,3
CCAAGGAACAGAGAGG-1,3
CCAATAGTGCCGTCGA-1,2
CCAATCGGTAGATCGA-1,1
CCAATGTCACAGCAAG-1,2
CCAATTACGGGTCGAG-1,1
CCAATTGAATGTTAAT-1,3
CCACAATGTACGTCTT-1,1
CCACACTGAGATATTA-1,2
CCACAGCTGAAATCAT-1,1
CCACAGTACCCATCCT-1,1
CCACCAACTTTACTGT-1,2
CCACCCAAGGAAAGTG-1,3
CCACGAGAAGAGAATC-1,1
CCACGGAGCCATAAGA-1,2
CCACGGCAGGTGTAGG-1,2
CCACTAAACTGAATCG-1,1
CCACTGGTGGCTGGTT-1,3
CCAGAAAGCAACTCAT-1,2
CCAGAGACAAAGCCGG-1,3
CCAGATAGTTGAGTGA-1,1
CCAGCCTGGACCAATA-1,3
CCAGCTACGCCTCATA-1,1
CCAGCTCGAACGCATT-1,1
CCAGCTGATGGTACTT-1,3
CCAGGGACGTGGCCTC-1,1
CCAGTAGTCTGATCCA-1,1
CCAGTCCATTATTCGA-1,3
CCAGTCTAGACGGCGC-1,1
CCAGTCTTGTCATAGA-1,2
CCATAAACAACCCGAC-1,1
CCATACCTTTACTTGT-1,1
CCATAGGTTGGCGTGG-1,3
CCATAGTCAGTAACCC-1,3
CCATCCATACCAAGTC-1,3
CCATCGCAGTTAAACT-1,3
CCATCTCACCAGTGAA-1,1
CCATCTTGTTCACAAT-1,1
CCATGCCCTAGATTTC-1,3
CCATGCCTGTTTAGTA-1,2
CCATGCTCTGCAGGAA-1,3
CCATGGCCCTTGTACC-1,2
CCATGTTCATCTATAT-1,2
CCATTAGCGATAATCC-1,2
CCATTCCCTGCCCACA-1,2
CCATTTCTACCTATTA-1,1
CCCAAACATGCTGCTC-1,1
CCCAACATACGTCGCG-1,2
CCCAACCACACTAACA-1,1
CCCAAGACAGAGTATG-1,1
CCCAATGAGATTTGCA-1,2
CCCAATTTCACAACTT-1,2
CCCAGTTAAGGCGCCG-1,1
CCCGACCATAGTCCGC-1,1
CCCGCAGCGCGAACTA-1,3
CCCGCAGGGCCCAAAG-1,1
CCCGCCATGCTCCCGT-1,3
CCCGCGCAATGCACCC-1,3
CCCGGGTCGTTCAGGG-1,1
CCCGGTGGAAGAACCT-1,1
CCCGGTGTATCGGAAT-1,2
CCCGTAAGTCTAGGCC-1,2
CCCGTAGCTGGGAAGA-1,2
CCCGTCAGCGTCTGAC-1,3
CCCTAGTGTCAGGTGT-1,3
CCCTATGTAGAGCAGA-1,2
CCCTCAGATCGAGAAC-1,2
CCCTCATTCTGGAATT-1,1
CCCTCGATAATACACA-1,2
CCCTGAAATGAGTTGA-1,2
CCCTGCCCAATCCGCT-1,2
CCCTGCGCTACGCATA-1,2
CCCTGGTATGGGCGGC-1,1
CCCTTTGACAGGTCTT-1,3
CCGAAAGTGGTGAGCA-1,3
CCGAACACTGGGCCTC-1,2
CCGAACCTTCCCGGCC-1,1
CCGAAGTATATTGTTC-1,3
CCGACAAAGGGAGTGC-1,2
CCGACGGGCATGAGGT-1,2
CCGAGGGATGTTAGGC-1,1
CCGATCTCAACCTTAT-1,1
CCGATTCGAGGGACCC-1,2
CCGCACAAAGACCAAC-1,3
CCGCACGTGACCTCGG-1,3
CCGCATGTGGTACGAT-1,1
CCGCCACCACAATCCA-1,3
CCGCCGGTCAACACAC-1,1
CCGCCTGCGAATTGGT-1,3
CCGCGGAATGCGTCAC-1,3
CCGCGGGTACGAAGAA-1,2
CCGCGTAGGTAAGGGC-1,2
CCGCTATCAGCACCAG-1,2
CCGCTGGTGCCATTCA-1,3
CCGCTTACCTCACTCT-1,2
CCGGAATGGTTTCAGT-1,3
CCGGAGCGTACTTTCT-1,2
CCGGCGCATATTGGAT-1,1
CCGGGACCCGCAGAGA-1,3
CCGGGCGGTCTCGTCA-1,3
CCGGGCTAAGAATTTC-1,2
CCGGGCTGCTCCATAC-1,1
CCGGGTTCGAGGTTAC-1,2
CCGGTTTGTAATTGTG-1,2
CCGTAAGTTGGTCCCA-1,3
CCGTACCCAAGCGCCA-1,1
CCGTATCTCGTCGTAG-1,2
CCGTGCCCATGACGGC-1,1
CCGTGTTAAATTCCAT-1,3
CCGTTACGTTAGAACA-1,1
CCGTTCCGAATCTCGG-1,2
CCTAAAGGCTGACGCT-1,1
CCTAAATTAACGGTTC-1,3
CCTAACCCAAACAAGT-1,1
CCTAACTAAGGCTCTA-1,1
CCTACATTCACAGACG-1,2
CCTACGGCTCAGTCGA-1,3
CCTACTGCTTACACTT-1,1
CCTAGGCGTAGCGATC-1,1
CCTAGTTAGTCGCATG-1,1
CCTATAATGAGTGCCC-1,1
CCTATACCGTCCTGTC-1,2
CCTATATTTGTCCTGG-1,2
CCTATCTATATCGGAA-1,1
CCTATGGCTCCTAGTG-1,2
CCTATGGGTTACCGTC-1,1
CCTATGGTCAAAGCTG-1,3
CCTCACCAATCTTGAC-1,1
CCTCACCTGAGGGAGC-1,1
CCTCACCTTAGCATCG-1,1
CCTCATGCAGCTACGA-1,3
CCTCCCGACAATCCCT-1,1
CCTCCGACAATTCAAG-1,2
CCTCGAAGTGGACGGG-1,1
CCTCGCCAGCAAATTA-1,1
CCTCGCGCGATATAGG-1,1
CCTCGCGCTGTGCGAT-1,2
CCTCGGACCGGGATAG-1,1
CCTCGGTTTCCTTGCC-1,3
CCTCTAATCTGCCAAG-1,3
CCTCTACAAGGATTGG-1,2
CCTCTATCGATTAGCA-1,3
CCTCTCTCCCATCTAG-1,3
CCTCTGGCCTAGACGG-1,1
CCTCTGTACTATTCTA-1,2
CCTGAACGATATATTC-1,3
CCTGAATATTTACATA-1,3
CCTGACCACCGATGGT-1,3
CCTGAGAATAAATGCA-1,2
CCTGCGATAGAACTGT-1,3
CCTGCTATTTGAGAAG-1,1
CCTGGCTAGACCCGCC-1,2
CCTGGTCGAATGTGGG-1,1
CCTGTAAGACATGATA-1,2
CCTGTACTCACGCCCA-1,2
CCTGTCACCCGGGCTC-1,1
CCTGTCGCCCGTAAAT-1,3
CCTGTTTGAAGACACG-1,1
CCTTCAGTTAAAGTGA-1,3
CCTTCTTGATCCAGTG-1,1
CCTTTAAGGGAGCACT-1,3
CCTTTCAATGAAGAAA-1,1
CGAAACATAGATGGCA-1,1
CGAAACGCAATTCATG-1,2
CGAACAGTATGGGCGT-1,1
CGAACCCGCATGCGTC-1,2
CGAACGCCCAGTGCCG-1,1
CGAAGTTGCTCTGTGT-1,2
CGAATCTGCTCGACGC-1,2
CGAATGAAGTCATTGC-1,2
CGAATGACGCATAATG-1,2
CGACAATTTGATCTAA-1,1
CGACACGCTCCGACAG-1,1
CGACAGTTCGCGTTAT-1,2
CGACATGCGATCTTCT-1,1
CGACTCAGGATGTTAT-1,1
CGAGACCCTAGAGTGT-1,2
CGAGAGATGTGAACCT-1,3
CGAGCACTTCAAGTTT-1,1
CGAGCGTTGATCAGCC-1,1
CGAGCTGGGCTTTAGG-1,1
CGAGGCCAGGCATTGG-1,3
CGAGGCTAAATATGGC-1,1
CGAGGGACTGCGGTCG-1,1
CGAGGGTATCCAGGTG-1,1
CGAGTACTAAAGAGGA-1,2
CGAGTGAAGGTACCAG-1,2
CGAGTGCTATAGTTCG-1,1
CGAGTTCTGTCCCACC-1,1
CGAGTTTATCGGACTG-1,1
CGATACCTCGCGGACA-1,2
CGATATTAGCCGCAGG-1,1
CGATCCGACCCAGTGC-1,2
CGATCCTCGCAACATA-1,2
CGATCTGTTGGAGGAC-1,2
CGATGGACCCTACGCC-1,1
CGATTAAATATCTCCT-1,2
CGATTCGCCTGGCTGC-1,1
CGCAAACACGAGTTAC-1,3
CGCAATTACTTTCGGT-1,3
CGCAATTAGGGTAATA-1,3
CGCAATTCTACAATAA-1,3
CGCACATGTCCACTAC-1,1
CGCACGTCTGTTTATG-1,2
CGCACGTGCGCTATCA-1,1
CGCAGAAACATTTGCG-1,1
CGCAGGCGATCCAAAC-1,3
CGCATCATGGCTTCAG-1,1
CGCATGGTGCGATGCT-1,3
CGCATTAGCTAATAGG-1,3
CGCCAAGAAGCCGAGT-1,2
CGCCACCCGCATTAAC-1,3
CGCCATCCGATTATGA-1,1
CGCCCAGCACGCCTAG-1,3
CGCCCGCTTCCGTACA-1,1
CGCCCTTGAAGGCTGA-1,1
CGCCGCCCATGCCTGT-1,1
CGCCTCCCTCCTCTAT-1,3
CGCCTGGCCTACGTAA-1,2
CGCGACCGCGACAGAT-1,3
CGCGAGTCTGCCGGGT-1,2
CGCGCAAATGTCCAGA-1,2
CGCGCAAGGAACTACA-1,1
CGCGCATGTTTGATTG-1,3
CGCGCCCGACTTAATA-1,1
CGCGGCTCAACTTGAA-1,1
CGCGGGAATTAGGCAG-1,3
CGCGTTCATGAAATAC-1,1
CGCTACGGGACATTTA-1,2
CGCTAGAGACCGCTGC-1,1
CGCTATACCGCCCACT-1,3
CGCTATTCAATGTATG-1,3
CGCTATTCTTAGGCTC-1,2
CGCTCGACATAATGAT-1,3
CGCTCTCCGTAGATTA-1,2
CGCTGAGGACGTCCAA-1,1
CGCTGGTGACTACCCT-1,1
CGCTGTGACGCCGCAC-1,1
CGCTGTGTGGATGTTG-1,2
CGCTTAGTATTGATAC-1,3
CGCTTATTCCCGGTCG-1,2
CGCTTCCACTGAAATC-1,3
CGCTTTCATACCGGTG-1,3
CGCTTTCTTGCATTCG-1,1
CGGAAAGAATCAAACG-1,3
CGGAACGTAAACATAG-1,3
CGGAGCAATTTAATCG-1,2
CGGAGCATGGCGATCC-1,3
CGGAGCTTATAACACC-1,1
CGGAGTTTGAGAGACA-1,2
CGGATAAGCGGACATG-1,3
CGGATCCTCAAGGACT-1,3
CGGATGAATGCTGTGA-1,2
CGGCAAACATCGTGCG-1,2
CGGCACCGTTAGCGCC-1,1
CGGCACTCAAGAAAGT-1,1
CGGCAGGGTCGGGTTG-1,1
CGGCCACGCACAAAGT-1,2
CGGCCCAGGTATATCC-1,3
CGGCGCCATCAATCCC-1,1
CGGCTTTGTATGATAA-1,1
CGGGAATATAGTATAC-1,3
CGGGAATTTATGTAAA-1,3
CGGGAGCTTCAGTGTA-1,1
CGGGATCAATGTAAGA-1,3
CGGGCAGCTAAACCGC-1,2
CGGGCCATAGCCGCAC-1,1
CGGGCCTTCTTTGTAA-1,2
CGGGTGTACCCATTTA-1,1
CGGTACTAGAATCAAA-1,1
CGGTAGAGGTGCAGGT-1,1
CGGTCAAGTGGGAACC-1,1
CGGTCCGTCGCAAGCC-1,2
CGGTCTATCAACCCGT-1,1
CGGTGAAGACTAAAGT-1,2
CGGTGCAGATAGAACG-1,2
CGGTGCGCGTTGGTCC-1,3
CGGTGTACTTGATCCC-1,2
CGGTTATCCAACAGTG-1,1
CGGTTCAAGTAGGTGT-1,1
CGGTTCCGGCTTCTTG-1,1
CGGTTGACCTGGCATA-1,2
CGGTTGAGTATCCTTC-1,2
CGTAAACGCTTGAGTG-1,1
CGTAAAGCAAGAAATC-1,2
CGTACCTGATAGGCCT-1,3
CGTAGCGAATTGTCAG-1,1
CGTAGCGCCGACGTTG-1,1
CGTATTAAGAGATCTA-1,2
CGTCACGTCCATTGGT-1,2
CGTCAGTGCGCACAAG-1,1
CGTCATACCATATCCA-1,3
CGTCGCTTGGTTATAC-1,2
CGTCGGATAGTGTTGA-1,1
CGTCGGGTCTAAGCGC-1,2
CGTCGTCCTTCGCGAA-1,1
CGTCTGGAAGGGCCCG-1,1
CGTGAAGTTAATTCAC-1,2
CGTGACATTGGGTCGT-1,1
CGTGACCAGTCCTCTG-1,2
CGTGCAGACTGGGACA-1,3
CGTGCATTGTCGACGC-1,2
CGTGCCCTCCCGAAGA-1,1
CGTGCTGGCCTAGTCG-1,3
CGTGCTTCTACCTAAA-1,2
CGTGGCCGAATATCTA-1,1
CGTGGTACCCAAAGGC-1,2
CGTGTCCCATTCGCGA-1,3
CGTGTCTCGTTACGAC-1,2
CGTTAATGTCCCGACG-1,3
CGTTAGCTCACAACTG-1,1
CGTTCAGACCCGCGAA-1,1
CGTTCATGGTGCGCGT-1,2
CGTTGAATACCGCGCT-1,1
CGTTGAGCGACCGTCG-1,1
CGTTGCCCGCGTGGGA-1,3
CGTTGTCGGCAATTGA-1,1
CGTTGTTTCAATTCCC-1,2
CGTTTAAGCGGAGCAC-1,1
CGTTTCACTTCGGGCG-1,1
CGTTTCGCTCATTACA-1,2
CGTTTGTGTAGAGGGT-1,2
CTAAACGGGTGTAATC-1,1
CTAAAGAATGCCTACT-1,2
CTAAAGGGAAATAGGA-1,3
CTAAAGTCCGAAGCTA-1,1
CTAAATCCGGTGTACA-1,2
CTAAATCCTATTCCGG-1,1
CTAACCGCGCGCCCGT-1,2
CTAACGAAACTTGCTG-1,1
CTAACTGGTCCGGTTC-1,2
CTAAGGGAATGATTGG-1,3
CTAATTCGCACGCGCT-1,3
CTAATTTCAACAACAC-1,3
CTACAAGAAATAACCC-1,2
CTACACTAGCTTGTTC-1,1
CTACCCTAAGGTCATA-1,1
CTACGACTAGCTATAA-1,2
CTACGATCCTATCCTA-1,2
CTACGCACGGAGTACC-1,2
CTACGCCATTTCCGAT-1,1
CTACGTGTTGCCACCA-1,1
CTACTATCATAGGTTT-1,3
CTACTATCTTTCAGAG-1,1
CTACTCAAGGTATAGT-1,2
CTACTCTAGGCCCGGC-1,2
CTACTGCCACCTGACC-1,3
CTAGATAAACTCCTCG-1,1
CTAGATGTGAGTGTAA-1,3
CTAGATTTACGACGGC-1,2
CTAGCAACTAATTTAC-1,3
CTAGCATAGTATAATG-1,3
CTAGCCGATGTTATGA-1,3
CTAGGCGCCCTATCAG-1,1
CTAGGTCTGAAGGAAT-1,1
CTAGGTTCGGACGTGA-1,1
CTAGTAGAAAGGGATT-1,1
CTAGTATTCGGAATTA-1,1
CTAGTCACGTCTTAAG-1,3
CTAGTGAAGGACAGGA-1,3
CTAGTTACAACCCGGT-1,1
CTAGTTGGGCCCGGTA-1,1
CTATAAGAGCCAATCG-1,1
CTATAGGCGTTGATGT-1,2
CTATATCCAGCCTGGC-1,2
CTATCGACGAAATACA-1,1
CTATCGGGTCTCAACA-1,3
CTATGAACACCTTGCC-1,2
CTATGCCCGAATGCAA-1,2
CTATGTCACTAGCCCA-1,1
CTATGTCTATTGAAAC-1,1
CTATGTGAGTCACGGC-1,2
CTATTCATGTGTCCCA-1,2
CTATTTGGTTACGGAT-1,1
CTCAAACCACTGCCCG-1,2
CTCAACTAACCCGGAT-1,3
CTCACATTTACTAAAT-1,1
CTCACTGTGATACTTA-1,1
CTCACTTGGCTGGTAA-1,2
CTCAGGACTCACCTGT-1,3
CTCAGTCACGACAAAT-1,1
CTCATGGCTCACAATC-1,1
CTCATGGTAATTTGCG-1,2
CTCATTGCTCTAACAA-1,1
CTCATTTGATGGGCGG-1,1
CTCCCTCCTTTCGATC-1,2
CTCCGCCCACATGAGG-1,2
CTCCGGCCTAATATGC-1,3
CTCCGGCTTGTAGACA-1,3
CTCCTAAGTTATGTCT-1,1
CTCCTCCAGCTCACAC-1,2
CTCGAGGCAAGTTTCA-1,2
CTCGAGGTCGAACAGT-1,1
CTCGATATTTGCGAGC-1,1
CTCGCACCTATATAGT-1,1
CTCGCCGAATGTAGGG-1,1
CTCGGGTTCTCTGGCC-1,2
CTCGGTACCACTGCTC-1,1
CTCGGTCCGTAGCCTG-1,1
CTCGGTTGTCGGCCCT-1,3
CTCGTCGAGGGCTCAT-1,2
CTCGTTACGGCTACCA-1,3
CTCTACACTGGCGATT-1,2
CTCTATTTGGCTGCAG-1,2
CTCTCACAATCGATGA-1,3
CTCTCGATGTGCGCCT-1,1
CTCTCTAACTGCCTAG-1,2
CTCTGCAGGCATTCTT-1,2
CTCTGCGAAGCAAGCA-1,1
CTCTGGACGCCTGGTG-1,3
CTCTGTGCCTGCTATG-1,1
CTCTGTTTGAGGATTC-1,1
CTCTTCTATTGACTGG-1,1
CTCTTCTGGAAGTTAG-1,2
CTCTTGTCCCGCTTGG-1,2
CTGAAAGAGATCCGAC-1,3
CTGAATCCGAGACCTC-1,3
CTGACTGCGCAGCTCG-1,1
CTGAGCAAGTAACAAG-1,1
CTGATCCCTTTATGCA-1,2
CTGCACAACTACATAT-1,1
CTGCACCTGGAACCGC-1,3
CTGCACTCCAGTACAG-1,1
CTGCCAAGGTTGGAAG-1,1
CTGCCATGCATCACAT-1,2
CTGCCTAGCCACCAAG-1,1
CTGCCTTTAATACCTT-1,2
CTGCGGGTGAAATGTT-1,2
CTGCGGTAGTCACGTG-1,3
CTGCGTTACGATATAA-1,1
CTGCTGAGGCCACGAA-1,2
CTGCTTGGCGATAGCT-1,1
CTGGAAATGGATGCTT-1,2
CTGGAAGACACGGTGG-1,1
CTGGATTTACACTTGA-1,3
CTGGCATCCGAATGAG-1,2
CTGGCGACATAAGTCC-1,1
CTGGCGCACAGGTCTG-1,1
CTGGCGGGAATAAGTA-1,3
CTGGCTCCTGCGGGAT-1,1
CTGGCTGATTCATCCT-1,1
CTGGCTGCTAACGTAA-1,1
CTGGCTGGTTGTCAGT-1,3
CTGGGATAAATAATGG-1,3
CTGGGCCTGCTATATC-1,2
CTGGGTAGGCAGTTAA-1,1
CTGGTAACACATAGAA-1,1
CTGGTAACGAGCTCTT-1,1
CTGGTCCTAACTTGGC-1,1
CTGGTGAATGGGCCTA-1,2
CTGGTTCAACGCATCA-1,1
CTGGTTTCGAGCAAGA-1,3
CTGTACTTCTTAGCAT-1,3
CTGTAGCCATCTCACT-1,3
CTGTATGGTGTAGAAA-1,1
CTGTCAAATGGCTCGG-1,1
CTGTGCAGGGTAGGTC-1,3
CTGTGGTCGGGAGATA-1,1
CTGTTACCCAATCTAG-1,3
CTGTTCACTGCCTGTG-1,3
CTGTTCATCTCACGGG-1,3
CTGTTGTTCAGTCGTA-1,2
CTTAACTTCGAAGTAC-1,1
CTTACACGGTATTCCA-1,2
CTTACACTGGGAAATA-1,3
CTTAGCCTTCCACATG-1,1
CTTAGGTATAGACCAG-1,2
CTTAGTAGGCCTACAG-1,1
CTTAGTGTAGTAGCAT-1,1
CTTAGTTGAGGAATCG-1,2
CTTATGTTGACTACCA-1,3
CTTCAACTCCACTTGG-1,1
CTTCACGCCCTGGTAC-1,2
CTTCAGTGGTCGCCTA-1,2
CTTCATAGCTCAAGAA-1,3
CTTCATTGTCAGTGGA-1,2
CTTCCGCTCCGTGAAG-1,3
CTTCGTAGATAGGTGA-1,2
CTTCTATGTTGAAGTA-1,3
CTTCTATTAATGCTAG-1,2
CTTCTGGGCGTACCTA-1,2
CTTCTTACGTCGTATA-1,1
CTTGACCCGAAAGATA-1,1
CTTGAGGTTATCCCGA-1,1
CTTGAGTTAGGGTAAT-1,1
CTTGCAACCGCCTCCT-1,2
CTTGCCCAGGCTCTAC-1,3
CTTGGCCAAGCTGGGA-1,2
CTTGTACTTGTTGACT-1,3
CTTGTCAACATTCGAG-1,2
CTTGTGAGTCTTTGAC-1,1
CTTGTGCTCACCGATT-1,1
CTTGTTGCTGAGTCAA-1,1
CTTGTTTATGTAGCCA-1,3
CTTTAACTTTCAAAGG-1,1
CTTTAATATTGGTCGA-1,1
CTTTACCGAATAGTAG-1,1
CTTTAGGAACACTGTT-1,1
CTTTAGTGCTATTATT-1,2
CTTTCTGTGCGGGCTT-1,1
CTTTGGCGCTTTATAC-1,2
CTTTGGCTTTAGTAAA-1,2
CTTTGGGATTGTTGCA-1,3
GAAACAGATGACCACC-1,1
GAAACAGCCATGCAGT-1,1
GAAACATAGGAAACAG-1,2
GAAACCGAATTACCTT-1,3
GAAACCTATACAAATG-1,2
GAAACTCGTGCGATGC-1,3
GAAACTCTAATGAAGG-1,1
GAAAGAACAGCGTTAT-1,1
GAAAGCAGTGCACTTT-1,3
GAAAGCCCTTTGGACC-1,2
GAAAGTGACTAACTGC-1,3
GAAATACTAAACGTTT-1,3
GAAATATCACCATCAG-1,2
GAAATCGCGCGCAACT-1,1
GAAATGGCGGTGTTAG-1,2
GAAATGGGATGTAAAC-1,3
GAAATTAGCACGGATA-1,1
GAAATTCACATCGCTG-1,1
GAAATTGTCTCTATAA-1,2
GAACACACATCAACCA-1,3
GAACAGATTACTAAAT-1,1
GAACCATCTGGGAGAC-1,1
GAACCCTCTGTGTTCT-1,1
GAACCTTTAACGATCC-1,1
GAACGACCGAATGATA-1,3
GAACGTCTCATGGTCG-1,1
GAAGAAACGATATTGT-1,2
GAAGAACGGTGCAGGT-1,3
GAAGCCACTGATTATG-1,1
GAAGCCTGCACATTCC-1,2
GAAGCGTGAGGAATTT-1,2
GAAGCTCGGACCCGTC-1,2
GAAGCTTGCTGACCGC-1,2
GAAGGAGTCGAGTGCG-1,1
GAAGTCAGTTGCACTA-1,3
GAAGTCTCCCTAGCGA-1,1
GAAGTGATTTATCGTG-1,3
GAAGTGCTGGATAGCT-1,1
GAAGTTTCCACTCAAT-1,2
GAATAGACGCGACCCA-1,1
GAATAGTGCTCGATTA-1,3
GAATATTCGGAGTCCC-1,1
GAATCGACATGGTCAC-1,1
GAATCGCCGGACACGG-1,1
GAATCTGAACATTCTC-1,3
GAATGCCGAAATGACC-1,3
GAATGCGAATCGGTTC-1,1
GAATGTATGGCAGGTC-1,1
GAATGTGGTCCGGATT-1,1
GAATGTTGGGTAATCT-1,3
GAATTATAGTGAAAGG-1,3
GAATTCACCCGGGTGT-1,3
GAATTTCTCGCTGCAG-1,3
GACAAACATATGCAGG-1,1
GACAACGACCATTGAA-1,3
GACAACGCAGCTTACG-1,3
GACACAAGGGAAGAAA-1,3
GACACGAGTTAGAGGA-1,3
GACACTGAGTTCAGTG-1,2
GACAGCCAGACCTGAC-1,1
GACAGGCACACACTAT-1,3
GACATCCGTCGAACTG-1,1
GACATCGATTTATAAC-1,3
GACCAGAGCCCTGTAG-1,3
GACCCAATTATGATAC-1,2
GACCCGTCGCCGGCTA-1,1
GACCGACTGAAGCGTC-1,2
GACCGATTAAATATGT-1,2
GACCGTCAGGTCGTGA-1,1
GACCGTGCTGACGGTG-1,2
GACCTTCCACGTCTAC-1,3
GACGACGATCCGCGTT-1,1
GACGCCGTAAAGGCTA-1,3
GACGCCTGTTGCAGGG-1,1
GACGCTTGCTTCTAAA-1,2
GACGGACCGCGTTCCT-1,3
GACGGGTTGGCCCGTA-1,2
GACGGTCAATAGAAGC-1,1
GACGTGAGACTCCATG-1,1
GACGTGTAGGGATTAT-1,3
GACTAAGATCATGCAC-1,3
GACTAAGTAGGCTCAC-1,3
GACTACAAAGCGGTGG-1,2
GACTACAATTGCTCGT-1,3
GACTCACCCACGTGAG-1,3
GACTCGCGGGAATGAC-1,1
GACTGCAAATCGAGCT-1,1
GACTGCACCAGCCCAG-1,1
GACTGCTGGTGAGAAA-1,2
GAGACTGATGGGTAGA-1,1
GAGACTTCGCGACCGA-1,3
GAGAGGGCGCGAGGTT-1,2
GAGAGGTGCATTCTGG-1,2
GAGATCTGCTTGGCAT-1,3
GAGATCTGTCACTCCG-1,3
GAGATCTTCCATGACA-1,1
GAGATGGGAGTCGACA-1,1
GAGCACCTGTGTCCAG-1,3
GAGCATCAACAACTTG-1,2
GAGCATCATCCCTGGG-1,1
GAGCCACGGTAGTAGG-1,1
GAGCCAGCTACCTGTG-1,1
GAGCGAGGGAGTACCG-1,1
GAGCGCGCACGAGTAG-1,1
GAGCGCTGTTAGGTAA-1,2
GAGCTAAGGGCATATC-1,1
GAGCTCTCGGACCTAA-1,3
GAGGAATGGAGAGGTT-1,3
GAGGCCCGACTCCGCA-1,2
GAGGCTATCAAAGTCG-1,2
GAGGGAGTCAGATCGC-1,2
GAGGGCATCGCGTATC-1,1
GAGGGCGCAGCTCTGC-1,1
GAGGGTAGTAACAAAG-1,2
GAGGTACATCCATCTT-1,1
GAGGTACGCGTGTCCC-1,3
GAGGTCCCAAAGATCT-1,3
GAGTACGGGTATACAA-1,3
GAGTAGATACTAGTTG-1,1
GAGTATACCCTAATCA-1,2
GAGTATGCCCGCCTTG-1,2
GAGTATGCGCGTGCAT-1,1
GAGTCAGACCAGAATC-1,3
GAGTCCGCTTACCGGA-1,3
GAGTGTCAACCAGAAA-1,3
GAGTGTGCGGTACCCA-1,1
GAGTTGATGGCAATTT-1,2
GATAAATCGGTGGATG-1,3
GATAACTCGCACTGTG-1,1
GATAAGGCAGATGCAA-1,3
GATACGATGGGAGTCA-1,2
GATAGGTAACGTTGAC-1,3
GATATCTCATGCAATA-1,1
GATATGAGACACTAAC-1,1
GATATGCGGTAGCCAA-1,1
GATATGGATTACGCGG-1,2
GATATTGAGATTGGCG-1,1
GATATTTCCTACATGG-1,1
GATCAACATAAAGGGA-1,2
GATCATTCCAAACATT-1,2
GATCCCTTTATACTGC-1,3
GATCCGGGAATTAACA-1,3
GATCCTAAATCGGGAC-1,1
GATCCTCGACACTGGC-1,2
GATCGACACTATCTGA-1,1
GATCGCGGGCTCTCCA-1,2
GATCGCTACCCGATTT-1,1
GATCGCTATATCTCAG-1,2
GATCGCTGTGGTGCGT-1,2
GATCGGTGGCCATAAC-1,1
GATCGTGACTGATATC-1,3
GATCTGCTATCTAAGG-1,2
GATCTTGGAGGGCATA-1,3
GATCTTTGCAGGGTAT-1,2
GATGACAAGTAGGGCA-1,2
GATGCCAGCAGAAGGC-1,1
GATGCGTCCTGCATTC-1,2
GATGCTACAAGCGCCT-1,1
GATGCTGTATTTCATC-1,1
GATGGCGCACACATTA-1,3
GATGGTGCCCTAGGCA-1,1
GATGTAACGAACCACC-1,2
GATGTCCGGATCACAT-1,1
GATGTCGGTCAACTGC-1,1
GATGTTCAATCCACGA-1,2
GATGTTTGTGCGAGAT-1,1
GATTAACCGAAAGCCC-1,1
GATTACTGAATTTGGG-1,3
GATTCCCTTGTCGCAG-1,1
GATTCCGCGTTTCCGT-1,1
GATTCCTATACGGCGC-1,3
GATTCGACGGTTCACG-1,3
GATTGACACTCTGCTC-1,1
GATTGCTCCAGTTGCA-1,2
GCAAACCCTACATTAT-1,1
GCAAACCTTGGCCATA-1,1
GCAAAGGGCGTTAGCC-1,2
GCAAATATTACGCTTT-1,3
GCAACACACTAGAACT-1,2
GCAACAGCAGTATGCG-1,3
GCAACCACCAGACCGG-1,1
GCAACCACGGCCGCGT-1,2
GCAAGAATTCCTTGGC-1,2
GCAAGTGCACAGAGAA-1,1
GCACAAACCCTAGATG-1,2
GCACAAGTGTCGGAAG-1,1
GCACACACTGGTAGCC-1,1
GCACGCCTACTTAGAT-1,2
GCACTAGTCGCGCTAT-1,1
GCACTGCCTACCTTTA-1,3
GCACTGTGCAAATGTA-1,1
GCAGACCCAGCACGTA-1,1
GCAGATCCATAAGACT-1,1
GCAGATTAGGGATATC-1,2
GCAGCACACAGCCCAG-1,2
GCAGCGGTGGGCATTA-1,1
GCAGGAACTTAGATCT-1,2
GCAGGACTATAGAATA-1,2
GCAGGTAGAGTATGGT-1,1
GCAGTGTGGCTATAGG-1,3
GCATAGAGCACTCAGG-1,2
GCATCCCTAACTTTGA-1,1
GCATCGGCCGTGTAGG-1,3
GCATGAGGGACGCGGC-1,1
GCATTGTAATTCATAT-1,2
GCCACAATTTAAGGAC-1,2
GCCACTCAGAGCGCGA-1,3
GCCAGGAAAGAACACT-1,2
GCCAGGAGTAACCGAT-1,1
GCCAGGCGTTCGCATG-1,1
GCCATATTGCACACAG-1,1
GCCATCGAGCTGCGTG-1,2
GCCCACCAAGGCTGTC-1,1
GCCCAGTTGGTATGCC-1,3
GCCCGACTTCTTCCCG-1,2
GCCCGATCTGTGGTCG-1,2
GCCCGCGCGTAAACGG-1,3
GCCCGCGCGTTTGACA-1,3
GCCCGTAATACCTTCT-1,3
GCCCTAGCCGTCGCGA-1,2
GCCGAAATTCCTACGT-1,2
GCCGACCCACGACTGC-1,2
GCCGATTGGCCAAGCT-1,2
GCCGCATTAGTCCGGC-1,2
GCCGCTTGTGAGAAAC-1,2
GCCGGAAACACATCTT-1,3
GCCGGGTTAGGGTCGC-1,3
GCCTAGCGATCTGACC-1,3
GCCTATAGTGTCAGGG-1,1
GCCTATTCCGATATAG-1,3
GCCTATTTGCTACACA-1,1
GCCTCATCTGGAAATA-1,1
GCCTCTATACATAGCA-1,1
GCCTTCAGCCCTACCG-1,3
GCCTTGTATATGCAGT-1,3
GCGAAACGATCGGGAG-1,1
GCGAAACTTAACTGGA-1,1
GCGAAGCCATACCCGT-1,1
GCGACCCAACCATCTG-1,2
GCGACGATAGTTGTAC-1,2
GCGAGAGTTGCGTCCA-1,3
GCGAGGCCCGAGCAGA-1,2
GCGAGTTCTGCAAAGA-1,2
GCGATTCTGGAAGCAG-1,1
GCGATTGTTAACGTTA-1,3
GCGCAAATATATTCAA-1,2
GCGCAAGAGCGCGCTG-1,1
GCGCATCCAGTCAGCA-1,1
GCGCCGTTCCACGATA-1,3
GCGCGATGGGTCAAGT-1,3
GCGCGGTCTAGTAACT-1,3
GCGCGTCATTGGTACA-1,3
GCGCTAATTGAATAGA-1,3
GCGCTATGCCGAGGCA-1,2
GCGCTGATCCAGACTC-1,1
GCGCTGCTTTGCATTT-1,1
GCGCTTAAATAATTGG-1,3
GCGGACCGCGTTGTGG-1,2
GCGGAGAAACTTCGCA-1,2
GCGGAGAGGGAGAACG-1,1
GCGGCAAAGTATTGCC-1,2
GCGGCTCTGACGTACC-1,2
GCGGGAACCAGGCCCT-1,3
GCGGGCGAGCCTTACC-1,3
GCGGTAACCCAAATGA-1,1
GCGGTCCCTAGACGCA-1,1
GCGGTGAACTGCGCTC-1,1
GCGGTTCCCTATCATG-1,3
GCGTAAATGGCCATAA-1,1
GCGTCCCTAAGACATA-1,2
GCGTCGAAATGTCGGT-1,1
GCGTCGCCAGGGTGAT-1,2
GCGTCTCTGCATTGGG-1,3
GCGTGGTACTGGGTTA-1,1
GCTAAACCTGAGGTGA-1,3
GCTAACTGAAGTCTGA-1,1
GCTAAGTAGTTTCTCT-1,1
GCTAATACCGAATGCC-1,3
GCTACGACTTATTGGG-1,3
GCTACTATAGTAGAGT-1,1
GCTAGACCGTCTACTG-1,1
GCTAGAGTAGAGATGT-1,1
GCTAGCGATAGGTCTT-1,2
GCTAGCTTGAATAGCT-1,3
GCTAGGCACCACGGAG-1,3
GCTAGTAGAGCTTGTA-1,3
GCTAGTTTCATTGAGG-1,1
GCTATACGTCTCGGAC-1,1
GCTATCATACTCATGG-1,1
GCTATCGCGGCGCAAC-1,3
GCTCAATCCGTTTATT-1,3
GCTCAATGTAATACCG-1,2
GCTCATTACTGCATGT-1,1
GCTCCTGACATACTGG-1,3
GCTCGCTCATGTCCAA-1,1
GCTCGGAATTTAAAGC-1,1
GCTCTAAACCCTGACG-1,3
GCTCTATGTTACGTGC-1,3
GCTCTCGGGTACCGAA-1,3
GCTCTTTCCGCTAGTG-1,2
GCTGAATCTTCCAATC-1,2
GCTGAGGCGTGAGTAT-1,3
GCTGCACGGTTTCTTA-1,3
GCTGCTAAGTAGTCGA-1,2
GCTGCTACTGCGTAGC-1,1
GCTGCTCTCCGGACAC-1,1
GCTGGCATATTCACCT-1,2
GCTGGCGGCGCATGCT-1,2
GCTGGTTTAGGCCATA-1,3
GCTGTATTACTGGCCC-1,2
GCTGTTGCTACCGAAC-1,1
GCTTAATGTAACTAAC-1,1
GCTTATGAAGCAGGAA-1,1
GCTTCCGTCCCTAGAC-1,3
GCTTCGACGTTCAATC-1,2
GCTTGATGATAATCAG-1,3
GCTTGGATCGATTAGG-1,1
GCTTTCAGAGGAGGTG-1,1
GGAAAGTGCCCATGCC-1,1
GGAACCGTGTAAATTG-1,2
GGAACCTTGACTCTGC-1,2
GGAAGCTCGCTTACAG-1,1
GGAATAACCTCAAGAA-1,1
GGAATGCGCTAGCGTG-1,3
GGACCAACAGGATAAC-1,1
GGACCTCTAGGCCGCC-1,2
GGACTCGTGAGTGGTC-1,2
GGAGAAGTCATTGGCA-1,1
GGAGACGACACCTTTG-1,3
GGAGCACCAAGAACTA-1,1
GGAGCGAGGCCTACTT-1,3
GGAGGATTGAAAGGAG-1,1
GGAGGGCTTGGTTGGC-1,2
GGAGTGCCGCCCTGGA-1,1
GGATACTCATGAATTG-1,1
GGATCAAAGGACGAGG-1,1
GGATCCGGAATATACT-1,1
GGATCTTACTGCCCTT-1,2
GGATCTTGACTCAACC-1,2
GGATGAAGATCGCTGA-1,1
GGATGACGCGAGTTTA-1,2
GGATGCTGGCGTTCCT-1,2
GGATGTCCTTACCGCA-1,1
GGATTCAGTACGGTGG-1,1
GGATTCCGCTATACCC-1,1
GGATTGCTGTGACTCC-1,3
GGATTTCACTTCTATA-1,1
GGCAAAGGCGCCAATA-1,3
GGCAAATTACTTTACT-1,2
GGCAAGCCCATAGTGG-1,3
GGCAAGGCGAAATAGC-1,3
GGCAATAGTCAATGAG-1,1
GGCACTCCACTGGGCA-1,2
GGCAGCAAACCTATGC-1,3
GGCATACAGGTAGCGG-1,2
GGCATATCGGTTCTGC-1,1
GGCATCAACGAGCACG-1,1
GGCCACAAGCGATGGC-1,1
GGCCCTCACCCACTTA-1,3
GGCCGAGACTCTGGTG-1,2
GGCCGGCGTCTGCTAT-1,3
GGCCGTTTGGGTTTCA-1,3
GGCGAAATCTAACTTG-1,1
GGCGCAGGACATCTTC-1,2
GGCGCATGAATTGATG-1,2
GGCGCGGAGATCTTTC-1,3
GGCGCGTTCGAGTTTA-1,3
GGCGCTCCTCATCAAT-1,1
GGCGGAGTAATATTAG-1,2
GGCGGTAGGATCATTG-1,1
GGCGTCCTATCCGCTG-1,3
GGCTAAAGGGCGGGTC-1,3
GGCTACTATACACTCC-1,3
GGCTATTAAGTTGTAT-1,2
GGCTCCTCCACCTGTT-1,3
GGCTCGCGTTGAGGTA-1,1
GGCTCGTGCCACCAGC-1,3
GGCTCTGCTCCAACGC-1,1
GGCTGAAATAGCAAAG-1,1
GGCTGGCTAGCTTAAA-1,3
GGCTTTCAATAAGGGT-1,2
GGGAACGGGAGGTTAG-1,2
GGGAACGGTTTCAGAT-1,2
GGGAAGACGGTCTGTC-1,1
GGGACAGAGTTACTCC-1,2
GGGACCCGTATATCTT-1,3
GGGACTGCATAGATAG-1,3
GGGAGAACTCACAGTA-1,3
GGGAGGATGCCCGAAA-1,2
GGGAGTAATGGCTGGC-1,1
GGGAGTTAATGAGGCG-1,3
GGGATGGTCGTAACCG-1,3
GGGATTTACCGCACCT-1,1
GGGCAACCGCACGTGC-1,2
GGGCAGAGCAATCGTT-1,2
GGGCCCGTCTTAAACA-1,2
GGGCCCTACGAAAGGG-1,2
GGGCCGGCCGAAGTAC-1,3
GGGCGATATGTGTGAA-1,1
GGGCGGCAAATGAATT-1,2
GGGCGGGTTCCCTACG-1,2
GGGCGGTCCTATTGTC-1,3
GGGCGTACATTTATAT-1,3
GGGCGTCACCACGTAA-1,2
GGGCGTCCACTGGCTC-1,1
GGGCGTGGTTTCCCAG-1,3
GGGCGTTTACATTCAT-1,2
GGGCTATGATCGATGG-1,3
GGGCTCATCGAACCCA-1,1
GGGCTGCCTAGGGCGA-1,2
GGGCTGGTTAGTCGCG-1,2
GGGTAATGCTGTGTTT-1,3
GGGTACCCACGGTCCT-1,1
GGGTACTTCATGAACT-1,3
GGGTATGTATGCACTT-1,3
GGGTATTCTAGCAAAC-1,2
GGGTCACCGTGACGGT-1,2
GGGTCAGGAGCTAGAT-1,2
GGGTCCTTGGAAGAAG-1,2
GGGTGACACCTTAACT-1,3
GGGTGGTCCAGCCTGT-1,1
GGGTGTTTCAGCTATG-1,1
GGGTTAACATTTGAGT-1,3
GGGTTCAGACGAACAA-1,3
GGTAAATGTGCGTTAC-1,1
GGTAACCGGGAGGATA-1,2
GGTAACTATGTATCTG-1,1
GGTACAAACATGCTAT-1,2
GGTACATCTGGGACGA-1,2
GGTACCATTAAGACGG-1,3
GGTAGAAGACCGCCTG-1,1
GGTAGACCGTTGGGCG-1,3
GGTAGTGCTCGCACCA-1,3
GGTATTGCCGAGTTTA-1,2
GGTCACGTTAGATTCA-1,1
GGTCAGTGGGTCCCAC-1,3
GGTCGGATAAACGGCG-1,1
GGTCGGCCAGGAGCTT-1,1
GGTCGGTAATTAGACA-1,1
GGTCGGTCGTCCACAG-1,3
GGTCGTAAGCTCGCAC-1,2
GGTCTCTGAATGGACT-1,2
GGTCTGAGAATCTGGA-1,3
GGTCTTGAGCGCTCTT-1,1
GGTGAAACCGGGAATG-1,1
GGTGAACGGGCTAGCC-1,1
GGTGAAGTACAGGGAT-1,2
GGTGAGATGCAGATAA-1,1
GGTGATAAGGAGCAGT-1,1
GGTGATTTCATCTTGT-1,1
GGTGCGGATAAGTGGC-1,1
GGTGCTGATCACAAAG-1,3
GGTGCTGGTACACATT-1,2
GGTGGACTGCTCTGGC-1,3
GGTTACCACCCTCGGG-1,3
GGTTAGCTATATGTCT-1,1
GGTTAGGCTTGGAGAA-1,3
GGTTAGTTACGGCGCC-1,3
GGTTCTACTCGTCTGA-1,3
GGTTTAATTACCATCG-1,3
GGTTTACAATCTCAAT-1,3
GGTTTAGCCTTTCTTG-1,1
GGTTTCAATCGGTCAG-1,1
GGTTTGAGTGCTGGAA-1,1
GTAACTTGCGGCAGTC-1,1
GTAAGCGGGCAGTCAG-1,1
GTAAGGATTTGTCGGA-1,1
GTAAGTAACAGTCTGG-1,1
GTAAGTAGGGTATACC-1,3
GTAATAAAGGGCTCCC-1,1
GTAATCTGATTCTTCG-1,2
GTACACTTACCTGAAG-1,2
GTACAGAGGCAAGGGT-1,3
GTACGACGGCGCTGCG-1,1
GTACGAGATTGCGACA-1,3
GTACGCTTCATTGCAC-1,2
GTACGTTTGCCCGTCA-1,3
GTACTAAGATTTGGAG-1,1
GTACTCCCTTATCGCT-1,2
GTACTCCTGGGTATGC-1,3
GTACTGAGGTCGTAAC-1,1
GTACTGCATGAAGCGT-1,1
GTACTGGAGTTAGACC-1,1
GTACTTGGGCACTTCT-1,3
GTAGACAACCGATGAA-1,1
GTAGACACGCCTGACT-1,1
GTAGACGTCGTTACAT-1,3
GTAGAGGGAGACAAGT-1,2
GTAGCCAAACATGGGA-1,1
GTAGCGCTGTTGTAGT-1,1
GTAGCGGCTATACACT-1,3
GTAGCTCCGGGAGGCT-1,2
GTAGCTTCCTCTTGTT-1,1
GTAGGTGATCCGTGTA-1,1
GTAGTCGCGGGAATCA-1,1
GTAGTCTACGATATTG-1,1
GTAGTTCGAAGGCGAA-1,2
GTATAGGACTCAGTAG-1,1
GTATATGTTACGGCGG-1,1
GTATCAAACGTTAGCT-1,1
GTATCAGCTTGGGTTC-1,3
GTATCTCAGTCTTGAC-1,2
GTATCTTTCATAACCA-1,3
GTATGAAATTTCACTC-1,2
GTATGACGTGGGAAAC-1,1
GTATGTGGGTCTAGTT-1,1
GTATTAAGGCGTCTAA-1,3
GTATTCTGAGAAACGA-1,2
GTATTCTTACCGTGCT-1,1
GTCAAAGAAGTGGTGT-1,2
GTCAAAGTTTACATAG-1,3
GTCAAGCGGACTCGGG-1,1
GTCAATTGTACTGAAG-1,1
GTCACAAAGTTTCCAA-1,1
GTCACTCTCCAAATCT-1,3
GTCAGAATAGTCTATG-1,2
GTCAGTTGTGCTCGTT-1,1
GTCATGCACCTCCGTT-1,3
GTCATGGACATGACTA-1,3
GTCATTAGAGCGAACG-1,3
GTCCAATATTTAGCCT-1,2
GTCCATTACTGCTACG-1,3
GTCCCAACGTAAAGTA-1,3
GTCCCGCGACGTTATG-1,3
GTCCGGACCTGAAATT-1,1
GTCCGGCTGAATTGCG-1,1
GTCCTACAGGCGGCTC-1,3
GTCCTACGAATAGTCT-1,1
GTCCTTCTAGTGGGTT-1,1
GTCGAATTTGGGCGCT-1,2
GTCGCCGTTGTGTGTT-1,2
GTCGCGTAACCCGTTG-1,3
GTCGGATATCTCAGAC-1,2
GTCGGATGTAGCGCGC-1,1
GTCGGGAAGCAGAAAC-1,1
GTCGTACCATCTCGGG-1,3
GTCGTATTGGCGTACA-1,1
GTCGTCAATTATAAGG-1,1
GTCGTTATTCGCTTAT-1,1
GTCTATCTGAGTTTCT-1,2
GTCTATTGGTTCCGGT-1,1
GTCTCAAGGCCCGGCT-1,1
GTCTCGATCTGCTTTC-1,1
GTCTGGGCGGTCGAGA-1,2
GTCTTAGTACAGCCGG-1,1
GTGAAACGGCGCCACC-1,1
GTGAAACGTGCTCCAC-1,1
GTGAACTCCCATTCGA-1,3
GTGACAGCTTCCCACT-1,1
GTGACCGCACACTACG-1,1
GTGACGCAGGTTTCAT-1,3
GTGACTTCAGTAGTGC-1,3
GTGAGCGTGCTGCACT-1,2
GTGAGGACACTTAAGG-1,1
GTGAGGAGCGGTTGAG-1,1
GTGAGTGGTACAACGC-1,3
GTGATCAAGCGTGCAC-1,2
GTGATCACTAACGCCT-1,1
GTGATCATAGATCTGC-1,3
GTGATCCTTGTCATGA-1,1
GTGATTCGCCGCTCAA-1,2
GTGCAACAAATGTGGC-1,1
GTGCACCAGCTTCAAC-1,2
GTGCACGAAAGTGACT-1,1
GTGCCATCACACGGTG-1,2
GTGCCCGTTCGGATTC-1,3
GTGCCGCTTCAAAGGT-1,3
GTGCCTCAGTGTACGG-1,1
GTGCGAAATCGAACAC-1,2
GTGCGACAGGGAGTGT-1,1
GTGCGCAGCTTGCTCC-1,1
GTGCGGGACCATCGGC-1,1
GTGCGGGTCTCCAAAT-1,1
GTGCGTGTATATGAGC-1,1
GTGCTCAAGTACTGTC-1,2
GTGGAACCTACATGCG-1,1
GTGGACCAACCCGATT-1,2
GTGGACGCATTTGTCC-1,1
GTGGACGTGCTGAGAC-1,1
GTGGAGCGTTTACCGA-1,3
GTGGAGTCGGCGGTTG-1,2
GTGGCAAACAGCGGCA-1,2
GTGGCGGTCCCAGCGT-1,2
GTGGGAAGACTGAATC-1,2
GTGGGCTTAGACACAC-1,2
GTGGTATAGTCTGCCG-1,2
GTGGTGGCCAAGTGAA-1,1
GTGGTTACTTCTTTCG-1,3
GTGGTTTCCGCCTTTC-1,3
GTGTACCTTGGCTACG-1,3
GTGTATATCAGCGGGC-1,1
GTGTATGACTTTAAAG-1,1
GTGTCGTATAGCGTTC-1,1
GTGTGAATAACTTAGG-1,3
GTGTTACTATGCGTCC-1,2
GTTAAAGTAGGACTGG-1,1
GTTAACATCACTTAAA-1,1
GTTAAGGGTGCGATGT-1,1
GTTACAATTGGTGACG-1,3
GTTACCTACAACTTGC-1,3
GTTACGGCCCGACTGC-1,3
GTTACTTTGGGCCTAG-1,2
GTTAGAGTGTGCCGCT-1,1
GTTATATTATCTCCCT-1,3
GTTATCACCTTCTGAA-1,1
GTTATTAACGTGGGAG-1,3
GTTCACAGGAGTCTAG-1,2
GTTCATCGTTTGGCTG-1,3
GTTCCAGTCTGACCAT-1,1
GTTCGACAATTGTATA-1,2
GTTCGCCATAAGTGCC-1,2
GTTCGTCTAAAGAACT-1,1
GTTCTTCCCTCGATGT-1,3
GTTGAACCGGTTCCAT-1,2
GTTGAGTCCCGCCGGT-1,1
GTTGCACGGAGTTTCG-1,1
GTTGGATTCAGTGGCT-1,3
GTTGGATTGAGAACAC-1,1
GTTGGATTTGCGTTGG-1,2
GTTGGTCATGCTATCC-1,2
GTTGTCGTGTTAGTTG-1,1
GTTTACGTTCCATCTG-1,3
GTTTCATATCGTCGCT-1,2
GTTTCCTGGAGGGTGA-1,1
GTTTCTGCAGTCTCCC-1,3
GTTTGACCAAATCCTA-1,1
GTTTGGCCCAAGTTAT-1,1
GTTTGGCCGCTCAGCG-1,1
GTTTGGGCTTGTGAGC-1,2
GTTTGGTAGGGTCAAC-1,2
GTTTGGTGATCGGTGC-1,2
TAAACCCAGGAGGGCA-1,2
TAAAGAGCCCGAAACC-1,1
TAAAGCGGTATTTCCA-1,3
TAAAGCGTTAGGAGAA-1,1
TAAAGCTGCAATAGGG-1,3
TAAATGAATCCGTTTC-1,1
TAACAAAGGGAGAAGC-1,3
TAACAGCGTTTGTGCT-1,2
TAACATACAATGTGGG-1,3
TAACATACACGCGATC-1,3
TAACCGCCCGCAGTGC-1,1
TAACCTACCGTCCGAG-1,1
TAACGCTTTGAGAGCG-1,3
TAACTATCGAAGGTCC-1,3
TAACTCATCCGCGCGG-1,2
TAACTCCATGGAGGCT-1,3
TAAGAGGGACAGGGAC-1,2
TAAGATTTAGCGGGAG-1,1
TAAGCAGGCGACACGC-1,2
TAAGCGCGAATCAAAT-1,2
TAAGGAACTTGTGGGA-1,1
TAAGGCAACATAAGAT-1,3
TAAGGCATAACATCAA-1,3
TAAGGCCCGTCACCCT-1,1
TAAGGCTGAATCCCTC-1,1
TAAGGGCCTGTCCGAT-1,1
TAAGGGCTGGGAGAGG-1,2
TAAGTAACATCTTGAC-1,2
TAAGTCGCCGAGTATC-1,3
TAAGTTGCGACGTAGG-1,1
TAATAAACAAGGAGAT-1,1
TAATACACAGTAGTAT-1,3
TAATAGAACAGAGTTA-1,2
TAATAGGTCACCAGAA-1,2
TAATAGTGACGACCAG-1,1
TAATATTGAAATTCGC-1,1
TAATCGATCCGTACGT-1,1
TAATGAAAGACCCTTG-1,3
TAATTAGATGGATATG-1,1
TACAACGCACAACTCA-1,2
TACAAGTCTCGTGCAT-1,2
TACAGAAACGGTGGGC-1,3
TACATAGGCATACACC-1,2
TACATTTCTAACGTGC-1,2
TACCAAATAGCCCAGA-1,2
TACCAATAAAGTACCA-1,1
TACCAGAAGTAGGTTC-1,2
TACCAGCTAGGTTTAA-1,1
TACCAGGAATCCCGTC-1,2
TACCGCGGACTTGCAG-1,1
TACCGGCTCACTGCCC-1,2
TACCGGTCGTTTCCAT-1,2
TACCGTAGGTTAACTA-1,2
TACCGTGCCTCGGACC-1,2
TACCTACTCCCAGTAT-1,2
TACCTCACGCTTGTAC-1,3
TACCTCAGTTGTCTGT-1,3
TACCTCCACACCAATG-1,2
TACCTGCTGCACTGTG-1,3
TACCTTAAGATTTCCC-1,2
TACGAACACGACTTCA-1,2
TACGACGCTTGCTGCG-1,2
TACGACTGCCTCTTAG-1,3
TACGAGAACTTCACGT-1,2
TACGATGTTGATCATC-1,2
TACGCAGTTCTTTCCT-1,2
TACGCCATATTCTAAT-1,3
TACGCCGAGGGTACCC-1,2
TACGCCTCCATTCCGA-1,2
TACGCTATAGAAACCT-1,3
TACGCTGATAGTTGTA-1,3
TACGCTGCTGTGTTAA-1,2
TACGGGATGCTAGCAG-1,1
TACGTACTAGTGCTGA-1,2
TACGTGCACTATGCTG-1,3
TACGTTTACCGGCAAT-1,2
TACTATGGTTCCTCAG-1,3
TACTCCTCTAGTTGAC-1,3
TACTCGGCACGCCGGG-1,2
TACTCTCCGAACAAAT-1,1
TACTCTTTCGTCTTCA-1,3
TACTGAACAGATTTAG-1,2
TACTGCAATCAATTAC-1,3
TACTGGACAGCTCGGC-1,2
TACTTGTTAGTAGTCC-1,1
TACTTTACTGAGCCGG-1,1
TACTTTCCGCACGCCA-1,2
TAGAAAGGTGGCGCTA-1,3
TAGAATTAAGGGCAAC-1,1
TAGACGAAACGCCAAT-1,1
TAGACGCCCGTACCGG-1,1
TAGACTACCTAGCGTT-1,3
TAGAGATCATGCAACT-1,2
TAGAGCTACGAAGAAC-1,1
TAGAGGTTCTACTTGT-1,1
TAGAGTCTAAGCGAAC-1,3
TAGATATGGACTGGAA-1,3
TAGATCCGAAGTCGCA-1,1
TAGATTCAAAGTGCGG-1,2
TAGATTCCTGGTTATT-1,2
TAGCAACCTGTCACAA-1,3
TAGCCATTTCAAAGTC-1,1
TAGCCGGCGGTCAGCG-1,1
TAGCGTCCGGTGTGGT-1,1
TAGCGTTGGGTCTTAC-1,3
TAGCTAAGTCCGGGAG-1,1
TAGCTAGAAGGCATGA-1,3
TAGCTAGTGATGATGG-1,3
TAGCTCGCCTGATAAC-1,3
TAGGCATGTTACGCCA-1,1
TAGGGAGCTTGGGATG-1,1
TAGGGTGTTTCAAGAG-1,3
TAGGTCCAAGTAAGGA-1,2
TAGGTCGCCGGAACTG-1,1
TAGGTGACGATAACCT-1,1
TAGGTGAGCCCTACTC-1,3
TAGGTGCTCGCCTAGC-1,1
TAGGTGTTCCACAGAT-1,2
TAGGTTCGAGTTCGTC-1,3
TAGTACCTTAGTGGTC-1,3
TAGTAGCTTATACCAG-1,2
TAGTCCGCAGAGAATG-1,2
TAGTCCTGCACTAAGC-1,2
TAGTCGATCACGGGTT-1,1
TAGTCTAACAACGAGA-1,2
TAGTGAGAAGTGGTTG-1,1
TAGTGCCCTCCAGAGT-1,2
TAGTGTCAGAAACGGC-1,3
TAGTTAAGATAGGATA-1,1
TAGTTTATTCTTGCTT-1,1
TATAAATCCACAAGCT-1,3
TATAAGTGAGGATAGC-1,3
TATACACAGACGCCTT-1,3
TATACACGCAAAGTAT-1,3
TATACGCGTCATCACT-1,1
TATACTCATGCGGCAA-1,3
TATAGAGTCGCTTGAA-1,3
TATAGATGGTCGCAGT-1,1
TATAGGGTACTCATGA-1,2
TATAGTTAGGTGTACT-1,2
TATATAGGGCTTTACG-1,2
TATATATCGAGAAATG-1,2
TATATCCCTGGGAGGA-1,1
TATATTCGCGTCGATA-1,1
TATCACAGCACGGGCA-1,1
TATCACCCAACCGACC-1,1
TATCCAATTGGTTATC-1,1
TATCCATATCATGCGA-1,1
TATCCATCTCGGTTAG-1,2
TATCCGCACCGTCGGG-1,2
TATCCTGCATGGGAAT-1,1
TATCGATCTATGCATA-1,1
TATCGATGATTAAACG-1,3
TATCTACAGAGGTAAT-1,3
TATCTACCACAGCGGG-1,3
TATCTTGCAATACAAC-1,2
TATGAAGACAGGTGCG-1,2
TATGATCTTCTCTTTA-1,1
TATGATTCTGCTTGGT-1,1
TATGCTCCCTACTTAC-1,3
TATGGAGTTTCTCGTT-1,1
TATGGATGTGCTACGC-1,1
TATGGCCCGGCCTCGC-1,3
TATGGGACCGAGCAGG-1,2
TATGGGTACGTATCGT-1,2
TATGGTCTGAGTAACA-1,2
TATGGTTAGTGGGAGA-1,3
TATGTCAAGACCGACT-1,1
TATGTCTCATTGTGCC-1,1
TATTAACCTGACCGCG-1,3
TATTACCATCCTGCTT-1,1
TATTATGTTTGCCTGC-1,2
TATTCAATTCTAATCC-1,3
TATTCCACTCAGCTCG-1,3
TATTCCGAGCTGTTAT-1,3
TATTCCGGCAGTCCTA-1,1
TATTCCTCCGCCCACT-1,2
TATTCGTGCCAGAATA-1,3
TATTTAGTCTAGATCG-1,3
TATTTATACCGAGTAG-1,1
TATTTGTTACCCTTTA-1,1
TCAAACAACCGCGTCG-1,3
TCAAACTTAGATTGTT-1,1
TCAAAGTCACGGCGTC-1,2
TCAAATTTGAGACTCA-1,1
TCAACAAAGATAATTC-1,2
TCAACACATTGGGTAA-1,1
TCAACATAGCGCCCTA-1,3
TCAACATCGACCGAGA-1,2
TCAACCATGTTCGGGC-1,1
TCAACGAGGAGACAAA-1,3
TCAACGCAGGAAATAA-1,2
TCAACGCGACCGGCAG-1,3
TCAACTAACGTATAAC-1,2
TCAAGGTTACTACACC-1,1
TCAATACGCCGTCATG-1,2
TCACAGCAAACTCGAA-1,2
TCACAGGAGAATAAGA-1,3
TCACAGGGAATCGCAA-1,1
TCACAGGTTATTGGGC-1,2
TCACATCTTATCTGAT-1,2
TCACCCTCTTAAGATT-1,3
TCACCGCTCGGCACTC-1,1
TCACGATGTCCGTGGA-1,3
TCACGCATTGTAGATC-1,2
TCACGGCCCAAGAGAG-1,2
TCACGGTCATCGCACA-1,3
TCACGTGCCCGATTCA-1,2
TCACTCGTGCAACGGC-1,1
TCAGACGCTATAGAAG-1,1
TCAGCAAATGCATCTC-1,3
TCAGCAGTAGGCCCTG-1,2
TCAGGGTGTAACGTAA-1,3
TCAGGTTCTTTGAGAA-1,2
TCAGTACTGACCCGCG-1,1
TCAGTAGGGACTATAA-1,3
TCAGTGTATACGTCAT-1,2
TCATACTTACAGATCC-1,3
TCATATGAGCTTTGTT-1,1
TCATCACTCGAGCTCG-1,3
TCATCCCAGAGGGTGG-1,1
TCATCGATGGTCCCAA-1,2
TCATGCAGGTTCTCAT-1,1
TCATTTAAGTCTCCGA-1,1
TCCAACTTTAAATTCT-1,2
TCCAATAAAGGCTACC-1,1
TCCACAATGGTTTACG-1,2
TCCACCTCTAGCCTTT-1,2
TCCACTTTATCTAGGT-1,3
TCCAGAGCACCGGTTC-1,3
TCCAGGCGAGTACGGT-1,2
TCCAGGGTATATACGA-1,1
TCCATCAATACTAATC-1,2
TCCATTAGTTGGATAG-1,1
TCCATTGTGACCTCGT-1,1
TCCCAAAGACGAAGGA-1,3
TCCCAGCTTTAGTCTG-1,2
TCCCAGGCTTAGCTAA-1,2
TCCCGCGTACTCCTGG-1,1
TCCCGGGTGTGCTGCT-1,2
TCCCGGTCAGGAATTT-1,1
TCCCGTCAGTCCCGCA-1,1
TCCCGTGTGCAATTTG-1,1
TCCCTGGCGTATTAAC-1,2
TCCCTGGCTCGCTGGA-1,2
TCCCTTAGATTACTCG-1,1
TCCGAACTTGGCTTAC-1,2
TCCGACCGCTAATCAA-1,2
TCCGAGAAGGCTAAGC-1,1
TCCGATAATTGCCATA-1,3
TCCGATGACTGAGCTC-1,1
TCCGATGGTGCGACAT-1,1
TCCGATTACATTGCCG-1,2
TCCGCCTGTCTACAAG-1,1
TCCGCGGCAGCATCTG-1,3
TCCGCGGCCCAATGAA-1,1
TCCGCTGTCATCCCGG-1,1
TCCGCTTATCCCATTA-1,1
TCCGGCCTAGCGTACA-1,1
TCCGGTTCGTCCGGTC-1,3
TCCGTTAAGCTAATAT-1,1
TCCGTTTAGCCTTGAA-1,1
TCCTAAATTGGGAAGC-1,1
TCCTAACCGTCGGGCA-1,3
TCCTACATCCACGGCC-1,1
TCCTAGCAAAGAAGCT-1,2
TCCTCCTAAGACATTC-1,2
TCCTCGGGCTGGGCTT-1,2
TCCTCTACGAGATGGC-1,3
TCCTCTCCAGTTGTCC-1,2
TCCTCTGGCCCATTAG-1,1
TCCTGCCAACTGGAGA-1,1
TCCTGCGTTGATACTC-1,2
TCCTTACGACGGTCCG-1,3
TCCTTCAGTGGTCGAA-1,1
TCCTTTAAATCCGCTT-1,1
TCCTTTCTTACGCTTA-1,1
TCGAAATTTAGGACCA-1,2
TCGAAGAACCGAGCAC-1,1
TCGAATATCCCGCAGG-1,2
TCGACAACTGAACCCG-1,2
TCGACATAGCGTAGCG-1,2
TCGAGACCAACACCGT-1,3
TCGAGCCAGGCAGGCC-1,2
TCGATAGGCTAGTCGC-1,1
TCGCAAAGATGCATTT-1,1
TCGCACCAGGAGGCAG-1,1
TCGCATCCCTAAGTGT-1,3
TCGCATTCAATGACTT-1,1
TCGCCGAAGTTGCGTC-1,3
TCGCCGGTCGATCCGT-1,1
TCGCGTCCAGAAGGTC-1,2
TCGCTAAACCGCTATC-1,1
TCGCTACTGGCTTTGA-1,1
TCGCTCGATATATTCC-1,2
TCGCTGGGCGGATTGT-1,3
TCGCTGTGCGTAAATC-1,3
TCGCTTTAAACGTTTG-1,1
TCGGAATGACCATCAA-1,3
TCGGAATGCGCTCTGA-1,2
TCGGACGCCCAGCCCA-1,1
TCGGAGAGTATCGGGA-1,2
TCGGAGTACATGAGTA-1,3
TCGGCGAACCCAAACC-1,3
TCGGGAGACAGCGTAC-1,1
TCGGGCCGTCGTGGTA-1,1
TCGGGTGAAACTGCTA-1,1
TCGGTCCCGACAATAG-1,2
TCGGTCCCTGACTCCA-1,1
TCGTAAGACGACATTG-1,3
TCGTATAGTGCAATTA-1,1
TCGTATTACCCATTGC-1,2
TCGTCAAGTACGCGCA-1,2
TCGTCACACTGTTAGC-1,3
TCGTCCGCTGGCGTCT-1,3
TCGTCTTAGGCGTTAA-1,1
TCGTGTACTATGGATG-1,3
TCGTGTCACGCTGACA-1,3
TCGTTAGGAGTCCCTA-1,3
TCGTTCGTTATTATGT-1,1
TCGTTGCTATCCGGTC-1,2
TCGTTGGCTCGTCAAT-1,1
TCTAATACTGCCTCAG-1,2
TCTACCGTCCACAAGC-1,1
TCTAGCAATCTCCGCC-1,3
TCTAGCATCTTCGATG-1,1
TCTAGCATGCCCAGAA-1,2
TCTAGGTGGCGACGCT-1,1
TCTAGTGATATCGTGG-1,1
TCTAGTTATCAGAAGA-1,2
TCTATCATGCAGTTAC-1,3
TCTATCGGTCGCAACA-1,1
TCTATTACGCTGGCGA-1,3
TCTCATGAGATAGGGT-1,1
TCTCCAACGTAGGTTA-1,1
TCTCCCTGGGCAGCGT-1,1
TCTCGAACGAGGTCAC-1,3
TCTCGGCTCCAGGACT-1,1
TCTCTAATAGCTGGTA-1,3
TCTCTTACCGCGAACC-1,2
TCTGAACCGGTCGGCT-1,3
TCTGAACTCGTACCCG-1,1
TCTGAAGCACGTGGTC-1,3
TCTGAATTCCGTACAA-1,1
TCTGATGTATTCTGTC-1,1
TCTGCCAGAAACTGCA-1,1
TCTGCGTCCGGTTTCT-1,3
TCTGGGAACCTTTGAA-1,1
TCTGGGTAGCGCTCAT-1,2
TCTGTCATACAAGAGC-1,1
TCTGTGACTGACCGTT-1,1
TCTGTGCCATCATAGT-1,3
TCTGTGGCTACATTTC-1,3
TCTGTTACCCAGCATA-1,2
TCTTACAGAGGTACCG-1,3
TCTTACCGGAACTCGT-1,1
TCTTACGGCATCCGAC-1,3
TCTTACTTATGCCTCT-1,1
TCTTAGAGTGAACTCT-1,1
TCTTCCCATGGGCACA-1,1
TCTTCGAATAGACGTT-1,3
TCTTCGATACCAATAA-1,1
TCTTCTATAACCCGCC-1,3
TCTTGATGCGTAGCGA-1,1
TCTTGCTCCCGATACT-1,1
TCTTGGTAACACCAAA-1,1
TCTTTAAGACTATGAA-1,1
TCTTTCTCTTAAGGAG-1,3
TGAAACTTATGCAAGC-1,1
TGAAAGGACCTGACTC-1,1
TGAACAAGCAGGGACT-1,2
TGAATGAGTGTTTCCC-1,3
TGACATCGAGCGGACC-1,1
TGACCAAATCTTAAAC-1,1
TGACCCACGTTAGACA-1,3
TGACGAATATTTCCCT-1,3
TGACGATGCACTAGAA-1,1
TGACTATAATCCTTTC-1,2
TGACTCCGAATCATAC-1,2
TGAGAATGCTTTACCG-1,1
TGAGAGATTTACCACG-1,1
TGAGATCAAATACTCA-1,1
TGAGATTAGGCCCTAA-1,1
TGAGCAGTCGTGAAGT-1,1
TGAGCCATACAGTCTC-1,2
TGAGCGGAAAGTGTTC-1,1
TGAGCTTTAATGACGC-1,1
TGAGGAGTGCCAGCTT-1,2
TGAGTAAATTAGCGTA-1,3
TGAGTGCCTCTTAAAT-1,3
TGAGTGGTCCGTGACG-1,1
TGATACATTTAGCCGT-1,2
TGATCAGGGAACTGCT-1,2
TGATCGGTTTGACCCT-1,1
TGATCTCCGGCGCCAG-1,3
TGATTCCCGGTTACCT-1,2
TGATTCGTCTATCACT-1,2
TGATTCTGTCGCCGGT-1,2
TGATTTATTAGCTGTG-1,2
TGATTTCCTCCTGACG-1,3
TGCAACCCATCTGCGG-1,1
TGCAAGAATGACGTAA-1,1
TGCACGAGTCGGCAGC-1,1
TGCAGAACTATATCGT-1,2
TGCAGAGTACCGAGCA-1,2
TGCAGATCGTCCTAGG-1,2
TGCAGCTACGTACTTC-1,2
TGCAGGATCGGCAAAG-1,3
TGCAGTGGTAGGGAAC-1,2
TGCAGTTTCCTCCCAT-1,1
TGCATATGTCTGTCAC-1,1
TGCATGGATCGGATCT-1,3
TGCATGTGGTAATCTA-1,3
TGCCAAAGTCAGACTT-1,2
TGCCAATGGGTACTCT-1,3
TGCCACCTGGCGAAAC-1,1
TGCCAGTACGTGGAGA-1,1
TGCCATTACTAAAGAA-1,1
TGCCCGTACCGTTAAA-1,1
TGCCGGATGTACGAGC-1,2
TGCCGTGGATCGTCCT-1,2
TGCCTGACATCGGTCA-1,3
TGCCTGATCAAACGAT-1,3
TGCCTTGGCCAGGCAA-1,1
TGCGACACCCTAGTGC-1,3
TGCGACGGCCGAACGT-1,2
TGCGAGAATATTACCC-1,2
TGCGCAAAGCATTTGG-1,1
TGCGCGATTAACGGAG-1,3
TGCGGAGTAAAGGTGC-1,3
TGCGGCATAGTTCAAC-1,1
TGCGGTGAAATTTCAT-1,1
TGCGTAAGAACCTGAT-1,2
TGCGTCATGACTGAGC-1,2
TGCGTGATTGGGTGTC-1,3
TGCGTTTGTTGACACT-1,1
TGCTAAGTGTCTATTT-1,1
TGCTATACAAACGGAC-1,1
TGCTATGGCAAAGGGA-1,2
TGCTCCACAGTTCTTA-1,1
TGCTCGGCGAAACCCA-1,2
TGCTCGGTGGGTCACC-1,3
TGCTCTTGAGAGTTTG-1,1
TGCTGGTTGGACAATT-1,3
TGCTGTTGAAGAACTC-1,3
TGCTTAGAGAGAATGC-1,2
TGCTTCCCAAGCAGTA-1,1
TGCTTGAAACCATGCA-1,3
TGGAAGAAGGGAACGT-1,2
TGGAAGACGAACACCA-1,3
TGGAAGGATAAAGATG-1,3
TGGAATTAGACGCTTT-1,3
TGGACCAATCTAAGAT-1,1
TGGACCACGGCGTTGA-1,3
TGGACGCAATCCAGCC-1,2
TGGACTGTTCGCTCAA-1,3
TGGAGCTAAAGTTCCC-1,1
TGGAGTGATGCGATGA-1,2
TGGCAAACTAAATTAC-1,1
TGGCAACTCGCGCGCC-1,1
TGGCAAGCACAAGTCG-1,2
TGGCAGATTACGATCA-1,2
TGGCAGCAGTAATAGT-1,2
TGGCCAAACTGAAGTA-1,2
TGGCCGTATATTGACC-1,3
TGGCGACTGCTCCAAA-1,3
TGGCGATCAAGTTATG-1,3
TGGCGGTGTGCGATTG-1,1
TGGCTATGTGACATAC-1,3
TGGCTTTGGGTAGACA-1,3
TGGGAAATGCCTTTCC-1,1
TGGGCACAAACAGAAC-1,1
TGGGCACGTTCTATGG-1,1
TGGGCCACAAGAGCGC-1,1
TGGGCCCATACTAATT-1,1
TGGGCGATACAATAAG-1,3
TGGGTAAGGTTCCCGC-1,1
TGGGTTTCGGGCGTAC-1,2
TGGTAGAATATATGGG-1,1
TGGTATCGCATCCCAA-1,1
TGGTATCGGTCTGTAT-1,1
TGGTCCCACGCTACGG-1,1
TGGTCTGTTGGGCGTA-1,2
TGGTTCAACGGGTAAT-1,1
TGGTTCGTAGCAAAGG-1,3
TGGTTGGAGGATCCTG-1,1
TGTACCTACACGAGGG-1,1
TGTACGAACAAATCCG-1,2
TGTACTGTGCCAAAGT-1,1
TGTAGGAGAAATTTCC-1,1
TGTAGTGATCTATAAT-1,3
TGTATAACAGATCCTG-1,3
TGTATCCTTATTCCAT-1,1
TGTATGGCGCAGACAG-1,1
TGTCCCGACATAGCAC-1,1
TGTCCGTGGCGCCTTT-1,2
TGTCCTAAGTCACCGC-1,2
TGTCGGCATGGTGGAA-1,1
TGTCGTTATCACATAT-1,2
TGTCTACAGTTTCTGT-1,1
TGTGACTACGCCAGTC-1,3
TGTGAGACTAGCCCAA-1,1
TGTGCCGGTGCCGGAA-1,1
TGTGCTTTACGTAAGA-1,2
TGTGGCAAAGCGTATG-1,1
TGTGGCGGGCTTCTGG-1,2
TGTGGTTGCTAAAGCT-1,3
TGTGTCGCGAGTTGCA-1,1
TGTGTTCGTATCCAAG-1,2
TGTTATTGTATGTGGC-1,1
TGTTCCGCTTCCATGA-1,3
TGTTCGTATTGCGGTG-1,3
TGTTCTTCCATTGACT-1,3
TGTTGTCAAGAAGTCT-1,1
TGTTTAATACTTCATC-1,1
TGTTTCGGTACTTCTC-1,1
TTAAACAGAGTCCCGC-1,3
TTAAACCGGTAGCGAC-1,1
TTAAACTCGAATTCAT-1,1
TTAACACCTCGAACAT-1,1
TTAACCAACCCTCCCT-1,1
TTAACGTCGCAAGACC-1,1
TTAACTTCAGGTAGGA-1,2
TTAAGATAGGATTGAC-1,1
TTAAGCCGACAACTTC-1,1
TTAAGCGCCTGACCCA-1,2
TTAAGGATACGGAGGT-1,1
TTAAGGCCCGTACTTT-1,2
TTAATCAGTACGTCAG-1,1
TTAATGTAGACCAGGT-1,1
TTAATTGCTTTGGGTG-1,1
TTAATTTCAGACGCGG-1,1
TTACAACTACGCATCC-1,3
TTACAGACCTAAATGA-1,1
TTACATCGTGGCCTGG-1,3
TTACATGCCACAACTA-1,1
TTACCATTGATTACCC-1,2
TTACCCATTGCCGGGT-1,1
TTACCCTAACAGTCCT-1,1
TTACCCTAGGGATTGG-1,2
TTACCGCCTTAGGGAA-1,3
TTACGGATGGTTCGAG-1,1
TTACGGTGTCACCGAG-1,1
TTACTAAAGGACTTTA-1,1
TTACTATCGGCTTCTC-1,3
TTACTCCGGCCGGGAA-1,3
TTACTCTGGTACGTAC-1,2
TTACTGGGATATTTCA-1,2
TTAGAAGAACATGACT-1,2
TTAGAATAAGGGTCGG-1,2
TTAGACACGATCGTTG-1,1
TTAGACGAGTCACCTC-1,1
TTAGAGTTTAGAAGGA-1,1
TTAGATAGGTCGATAC-1,3
TTAGCAACATGGATGT-1,3
TTAGCTAATACGATCT-1,1
TTAGCTGATTTGCCGT-1,1
TTAGGTCATAACCGAC-1,2
TTAGTAGGGCGGCGGG-1,2
TTAGTTATTCGTGGCA-1,1
TTATAGATGCACATTA-1,1
TTATAGGTAATTGTCT-1,1
TTATATACGCTGTCAC-1,3
TTATATTTGGCAATCC-1,3
TTATCCAATCGAACTC-1,3
TTATCCGGGATCTATA-1,1
TTATCCTCAAGGAATA-1,2
TTATCGCCTGCGAAGC-1,3
TTATCTGTATCATAAC-1,3
TTATGAATGAAAGGGA-1,2
TTATGACAAACTGGAT-1,3
TTATGATCTTAACGAA-1,1
TTATGCGTCCCGGTCC-1,1
TTATGTTTGCGATAGA-1,3
TTATTAGAGCGTGTTC-1,3
TTATTAGGGAAGCATC-1,1
TTCAAAGTCTCTAGCC-1,3
TTCAACGACCCGACCG-1,3
TTCAAGCCGAGCTGAG-1,1
TTCAATACTCTGAATC-1,1
TTCAATTAGCCATAAT-1,1
TTCACGAAAGGATCAC-1,2
TTCACGGTCGTCACGT-1,2
TTCACTCGAGCACCTA-1,1
TTCAGAGTAACCTGAC-1,1
TTCAGCCCTGGTCCAC-1,1
TTCAGCTGGCGTGCCC-1,1
TTCAGGCGTCAAAGCC-1,2
TTCATGGCGCAACAGG-1,1
TTCCAATCAGAGCTAG-1,1
TTCCAATCTGGCTATC-1,2
TTCCACACAGATTTGA-1,3
TTCCGCAGAGAAATAT-1,1
TTCCGCGTGAGGCGAT-1,3
TTCCGGCCTTGAGGCT-1,2
TTCCGGTTACCCACTT-1,1
TTCCTCGAGGGTGTCT-1,3
TTCCTCGGACTAACCA-1,3
TTCCTTTCTGTGTTGC-1,1
TTCGACAGAGCCCGTG-1,1
TTCGACGGGAAGGGCG-1,1
TTCGCACTCGCGTGCT-1,1
TTCGCACTGTACGACA-1,2
TTCGCATCCGGAAGCA-1,1
TTCGCGCGCCATACGA-1,3
TTCGCTATCTGACGTG-1,3
TTCGGCAACCCGCTGA-1,1
TTCGGCTAGAGATGGT-1,3
TTCGGGACTAATCGCG-1,3
TTCGGGCGCTAGTCTT-1,2
TTCGGTACTGTAGAGG-1,3
TTCGTAATCCCAGCGG-1,1
TTCGTACTCCAGAACG-1,2
TTCTAACCGAAGCTTA-1,1
TTCTACCTCAATCGGT-1,2
TTCTACTTGCGAGGGC-1,3
TTCTAGAAAGTCTTAT-1,3
TTCTAGGCCAATTGTG-1,3
TTCTATTAAACGCAGC-1,3
TTCTCAATTGCTACAA-1,2
TTCTGACCGGGCTCAA-1,1
TTCTGCCGCGCCTAGA-1,2
TTCTGCGAGCGCCCTT-1,2
TTCTGCGGGTTAGCGG-1,1
TTCTTAGTGAACGGTG-1,1
TTCTTAGTGGCTCAGA-1,3
TTCTTATCCGCTGGGT-1,1
TTCTTGAGCCGCGCTA-1,2
TTCTTGGACGATCTGC-1,2
TTCTTGGAGTAATGAG-1,1
TTCTTGTAACCTAATG-1,3
TTGAACGAATCCTTTG-1,3
TTGAACGACGTGCTGA-1,1
TTGAAGAATTCCCAGG-1,2
TTGAATATGGACTTTC-1,3
TTGAATTCACGTGAGG-1,1
TTGACAGGAGCTCCCG-1,1
TTGACATGAACGTGGA-1,2
TTGACCAGGAACAACT-1,3
TTGACCATGTTCTCCG-1,1
TTGACCGTGTTAATGA-1,3
TTGACGATTCAGCACG-1,1
TTGACGCTCCATGAGC-1,1
TTGACTACCATATGGT-1,2
TTGACTATTGTCCGGC-1,3
TTGAGAAGTTTAGCAT-1,3
TTGAGAGTACTGCTAA-1,2
TTGATCTAACTTTGTC-1,2
TTGATGCCGCTCGTCG-1,2
TTGATGTGTAGTCCCG-1,1
TTGATTAGCTGTTTCT-1,3
TTGATTATGCAGATGA-1,3
TTGCACAATTCAGAAA-1,3
TTGCACGGAGCAGCAC-1,1
TTGCATGCTGATCACG-1,2
TTGCCATAGCCCGCTC-1,2
TTGCCCTGATCACGGG-1,3
TTGCCGCAGACCTACA-1,2
TTGCCGCTTTCTAGTA-1,1
TTGCCTAATCCAAAGT-1,2
TTGCGGCATCAGAAAG-1,2
TTGCGTAGTTTGAGGA-1,3
TTGCGTCGGCCAACCG-1,2
TTGCTCCCATACCGGA-1,3
TTGCTGAAGGAACCAC-1,1
TTGCTGATCATGTTCG-1,2
TTGCTGCACCTATCCA-1,3
TTGCTGGCCGGGCTTC-1,1
TTGGAAGAATACAGTC-1,2
TTGGACATGTGGCTTA-1,2
TTGGACCATCTGGCAA-1,3
TTGGACCTATAACAGT-1,3
TTGGAGTCTCCCTTCT-1,1
TTGGATATCGTCTACG-1,3
TTGGATCGACTTCTGG-1,1
TTGGATTGGGTACCAC-1,3
TTGGCCATCTTGCGCT-1,3
TTGGCCTAGAATTTCG-1,1
TTGGCTCGCATGAGAC-1,3
TTGGGAAGACGAGCCG-1,3
TTGGGACACTGCCCGC-1,1
TTGGGCGGCGGTTGCC-1,3
TTGGTCACACTCGTAA-1,2
TTGGTTGCGGTGCGCG-1,2
TTGTAAGGACCTAAGT-1,2
TTGTAAGGCCAGTTGG-1,1
TTGTAATCCGTACTCG-1,2
TTGTATCACACAGAAT-1,1
TTGTCGTTCAGTTACC-1,3
TTGTGAACCTAATCCG-1,3
TTGTGCAGCCACGTCA-1,1
TTGTGGCCCTGACAGT-1,3
TTGTGGTAGGAGGGAT-1,2
TTGTGTATGCCACCAA-1,2
TTGTGTTTCCCGAAAG-1,3
TTGTTAGCAAATTCGA-1,3
TTGTTCAGTGTGCTAC-1,3
TTGTTGTGTGTCAAGA-1,3
TTGTTTCACATCCAGG-1,2
TTGTTTCATTAGTCTA-1,2
TTGTTTCCATACAACT-1,2
TTGTTTGTGTAAATTC-1,1
